date,h_0,h_1,h_2,h_3,h_4,h_5,h_6,h_7,h_8,h_9,h_10,h_11,h_12,h_13,h_14,h_15,h_16,h_17,h_18,h_19,h_20,h_21,h_22,h_23,h_24,h_25,h_26,h_27,h_28,h_29,h_30,h_31,h_32,h_33,h_34,h_35,h_36,h_37,h_38,h_39,h_40,h_41,h_42,h_43,h_44,h_45,h_46,h_47,h_48,h_49,h_50,h_51,h_52,h_53,h_54,h_55,h_56,h_57,h_58,h_59,h_60,h_61,h_62,h_63,h_64,h_65,h_66,h_67,h_68,h_69,h_70,h_71,h_72,h_73,h_74,h_75,h_76,h_77,h_78,h_79,h_80,h_81,h_82,h_83,h_84,h_85,h_86,h_87,h_88,h_89,h_90,h_91,h_92,h_93,h_94,h_95,h_96,h_97,h_98,h_99,h_100,h_101,h_102,h_103,h_104,h_105,h_106,h_107,h_108,h_109,h_110,h_111,h_112,h_113,h_114,h_115,h_116,h_117,h_118,h_119,h_120,h_121,h_122,h_123,h_124,h_125,h_126,h_127,h_128,h_129,h_130,h_131,h_132,h_133,h_134,h_135,h_136,h_137,h_138,h_139,h_140,h_141,h_142,h_143,h_144,h_145,h_146,h_147,h_148,h_149,h_150,h_151,h_152,h_153,h_154,h_155,h_156,h_157,h_158,h_159,h_160,h_161,h_162,h_163,h_164,h_165,h_166,h_167,m_sin,m_cos,woy_sin,woy_cos,week_start_dow,visitors,visits_roll_mean,visits_roll_std,visits_logdiff,visits_z,OT
2025-01-06,36609.0,25170.0,25170.0,24642.0,35325.0,59890.0,83775.0,121786.0,134603.0,135745.0,139745.0,155518.0,155163.0,164289.0,176721.0,168865.0,155322.0,140667.0,122761.0,100723.0,86869.0,68980.0,51724.0,34566.0,26096.0,22396.0,22396.0,25113.0,34626.0,56942.0,82540.0,118811.0,123754.0,126494.0,130323.0,143252.0,153211.0,158741.0,166844.0,172448.0,155807.0,145528.0,129964.0,111959.0,91298.0,78112.0,57031.0,41861.0,30342.0,24663.0,24663.0,23313.0,31470.0,55072.0,83766.0,118097.0,134218.0,127796.0,132448.0,141505.0,154033.0,159177.0,175410.0,173950.0,166176.0,146235.0,128154.0,106641.0,88633.0,69979.0,54723.0,40456.0,30151.0,25952.0,25952.0,25860.0,34072.0,58510.0,84566.0,123476.0,135215.0,135331.0,133379.0,149613.0,153176.0,166365.0,173043.0,178176.0,171431.0,151091.0,140871.0,124676.0,99997.0,82964.0,66193.0,46581.0,35757.0,26757.0,26757.0,25668.0,34345.0,59236.0,86246.0,118414.0,130729.0,133938.0,147388.0,157819.0,170907.0,180365.0,191790.0,194517.0,180022.0,171603.0,161585.0,143135.0,116816.0,106955.0,78546.0,58393.0,44662.0,34008.0,34008.0,26131.0,30571.0,40021.0,58494.0,76680.0,90300.0,106826.0,124076.0,142217.0,152072.0,164319.0,171074.0,174008.0,168403.0,165136.0,148881.0,136008.0,115732.0,106988.0,86194.0,63587.0,47457.0,38053.0,38053.0,24938.0,28909.0,40619.0,53170.0,65195.0,76231.0,93669.0,106704.0,128677.0,137586.0,148313.0,148843.0,150154.0,146334.0,133379.0,125808.0,113245.0,90353.0,67816.0,50930.0,39641.0,0.0,1.0,0.12053668025532305,0.992708874098054,-0.5,7016865.0,8514250.0,0.0,0.0,0.0,8514250.0
2025-01-13,34307.0,24810.0,24810.0,23864.0,34428.0,60324.0,86951.0,126542.0,138603.0,141950.0,147268.0,161999.0,162039.0,172391.0,185623.0,175359.0,159592.0,144448.0,122958.0,100580.0,85928.0,66702.0,53441.0,34378.0,26985.0,22913.0,22913.0,24261.0,34372.0,58120.0,86312.0,125191.0,129835.0,129522.0,136534.0,149222.0,157276.0,162012.0,172024.0,177443.0,162684.0,152910.0,134878.0,116812.0,92603.0,80094.0,58028.0,42092.0,31605.0,24936.0,24936.0,24459.0,32317.0,57341.0,87369.0,126956.0,145528.0,138211.0,142224.0,150616.0,162855.0,171232.0,189227.0,190979.0,182437.0,158214.0,137520.0,110938.0,95117.0,75326.0,57426.0,42009.0,29785.0,26137.0,26137.0,25427.0,33431.0,57695.0,88592.0,127329.0,140292.0,139907.0,135762.0,153737.0,155929.0,169825.0,178653.0,181306.0,172223.0,150408.0,140467.0,122441.0,97936.0,81982.0,65555.0,49201.0,35844.0,26469.0,26469.0,24558.0,31608.0,57987.0,86390.0,121312.0,131565.0,135580.0,146881.0,160070.0,171316.0,182599.0,189703.0,191900.0,182569.0,169704.0,153381.0,135010.0,110950.0,97931.0,77433.0,57985.0,46939.0,35787.0,35787.0,25859.0,31238.0,42440.0,62172.0,80019.0,94909.0,112341.0,130387.0,155426.0,168936.0,183279.0,191693.0,193720.0,187893.0,195490.0,186284.0,168383.0,139810.0,131794.0,109074.0,88062.0,46686.0,37241.0,37241.0,24724.0,28281.0,38904.0,48933.0,60358.0,70781.0,84055.0,100425.0,120770.0,131473.0,139912.0,141545.0,144142.0,137682.0,120210.0,115657.0,103840.0,82241.0,62916.0,46336.0,37957.0,0.0,1.0,0.23931566428755774,0.970941817426052,-0.5,7196734.0,8626663.0,158975.98918704674,0.026063229856902126,0.7071067811865475,8739076.0
2025-01-20,29466.0,21194.0,21194.0,19419.0,28740.0,47995.0,71987.0,104015.0,115909.0,115531.0,120095.0,134613.0,133284.0,143379.0,154727.0,149124.0,136923.0,122249.0,105479.0,89600.0,76610.0,57659.0,45001.0,29541.0,24157.0,19509.0,19509.0,19535.0,29993.0,50871.0,76509.0,111832.0,117498.0,114809.0,119033.0,136025.0,141476.0,145171.0,153617.0,158713.0,142353.0,128592.0,111657.0,96200.0,78154.0,63313.0,48860.0,35976.0,26400.0,21563.0,21563.0,20776.0,26840.0,48947.0,73396.0,106655.0,121567.0,115525.0,117870.0,128776.0,139930.0,141412.0,158980.0,158773.0,147771.0,129276.0,114485.0,96012.0,81082.0,64929.0,48417.0,35979.0,30039.0,26062.0,26062.0,23801.0,33294.0,57838.0,86798.0,127357.0,137236.0,136423.0,134452.0,147506.0,149948.0,164793.0,173127.0,179349.0,172074.0,151961.0,141584.0,122380.0,100977.0,86024.0,62569.0,47665.0,36522.0,26087.0,26087.0,23430.0,31638.0,56129.0,85727.0,119029.0,131031.0,132446.0,145151.0,154873.0,167862.0,178144.0,189565.0,190471.0,178649.0,160552.0,147641.0,130309.0,105058.0,95792.0,74401.0,56174.0,43291.0,33781.0,33781.0,23851.0,28563.0,38702.0,57749.0,76892.0,85491.0,100614.0,116099.0,135774.0,143382.0,157360.0,166851.0,170457.0,160163.0,161629.0,151598.0,136769.0,114426.0,108073.0,84561.0,67426.0,42893.0,35101.0,35101.0,23400.0,25518.0,36022.0,45237.0,57121.0,67570.0,76794.0,89478.0,107226.0,120073.0,133709.0,129745.0,130349.0,121212.0,110345.0,109282.0,97907.0,78714.0,60915.0,44701.0,36499.0,0.0,1.0,0.3546048870425356,0.9350162426854148,-0.5,6775444.0,8493833.666666666,256061.6682565612,-0.060240215747102255,-1.037479246602772,8228175.0
2025-01-27,32852.0,23346.0,23346.0,20992.0,31563.0,55002.0,80623.0,120324.0,135141.0,137296.0,142788.0,157714.0,156397.0,165142.0,179690.0,171585.0,157171.0,143021.0,126224.0,108213.0,90959.0,73657.0,53255.0,33413.0,27108.0,22264.0,22264.0,22438.0,32417.0,57412.0,83818.0,125267.0,134684.0,129744.0,137749.0,152916.0,159268.0,164186.0,177685.0,181912.0,159911.0,149094.0,125153.0,106409.0,88029.0,72855.0,55120.0,42473.0,30964.0,24662.0,24662.0,23096.0,30417.0,53607.0,83415.0,123190.0,139471.0,137364.0,140665.0,150546.0,158892.0,162449.0,184487.0,181728.0,169212.0,148561.0,130689.0,107565.0,90665.0,72609.0,56086.0,40407.0,28998.0,25336.0,25336.0,24617.0,32043.0,56576.0,86568.0,128793.0,147956.0,143737.0,143142.0,156519.0,160772.0,169480.0,180698.0,182476.0,177108.0,150872.0,143047.0,119554.0,95999.0,80209.0,62942.0,48457.0,36225.0,26078.0,26078.0,23825.0,31343.0,56888.0,87465.0,122527.0,137095.0,138490.0,153374.0,159907.0,174860.0,185773.0,200473.0,200168.0,184751.0,176276.0,162657.0,144366.0,115790.0,105773.0,76819.0,56152.0,43874.0,34627.0,34627.0,25332.0,29527.0,39357.0,57445.0,74310.0,85696.0,106135.0,118530.0,139451.0,146746.0,161721.0,168542.0,169134.0,158388.0,154983.0,141848.0,127057.0,104200.0,97135.0,84417.0,66878.0,46672.0,34312.0,34312.0,22471.0,25232.0,37526.0,47487.0,59074.0,69638.0,79852.0,97790.0,118801.0,132951.0,143966.0,142723.0,143780.0,133815.0,126124.0,115749.0,102693.0,83088.0,62736.0,48546.0,37727.0,0.0,1.0,0.4647231720437685,0.8854560256532099,-0.5,7145954.0,8548883.75,236291.69543930926,0.05737058227604486,0.6989253248742222,8714034.0
2025-02-03,34106.0,24110.0,24110.0,21842.0,31971.0,56336.0,82129.0,126693.0,146852.0,144050.0,148120.0,164374.0,164961.0,174612.0,193611.0,185482.0,168364.0,153204.0,127780.0,107029.0,89575.0,71776.0,53010.0,33996.0,27028.0,22309.0,22309.0,23276.0,32551.0,58544.0,89071.0,131904.0,143871.0,134579.0,145330.0,157266.0,170001.0,171680.0,183418.0,188292.0,167143.0,161774.0,138115.0,116558.0,100372.0,82211.0,62081.0,42833.0,32058.0,26632.0,26632.0,24465.0,31383.0,55397.0,86679.0,127905.0,144478.0,139996.0,150031.0,155960.0,166541.0,171446.0,191471.0,189540.0,177302.0,156238.0,142618.0,116653.0,101068.0,82689.0,62400.0,43640.0,27950.0,25109.0,25109.0,24234.0,30820.0,53811.0,83893.0,121839.0,137706.0,137385.0,138038.0,148280.0,153323.0,162030.0,172823.0,179837.0,170058.0,142996.0,134368.0,112164.0,92487.0,76031.0,60748.0,46407.0,37623.0,28342.0,28342.0,25159.0,33243.0,59324.0,89107.0,127060.0,140804.0,140494.0,157264.0,165841.0,177099.0,189286.0,201895.0,206093.0,192983.0,178371.0,163431.0,142601.0,116047.0,109643.0,81441.0,59511.0,43765.0,34094.0,34094.0,23007.0,28581.0,37964.0,55211.0,72984.0,86982.0,108105.0,119260.0,142774.0,153738.0,167160.0,177264.0,179964.0,166593.0,168554.0,161984.0,147710.0,125024.0,114226.0,88191.0,68616.0,46506.0,34681.0,34681.0,22896.0,24999.0,37080.0,45850.0,58761.0,71579.0,79189.0,98497.0,118561.0,130689.0,141433.0,139389.0,139780.0,130212.0,120737.0,113547.0,103265.0,80482.0,63388.0,47569.0,37719.0,0.49999999999999994,0.8660254037844387,0.5680647467311558,0.8229838658936564,-0.5,7449467.0,8690828.25,351165.50055909046,0.04136268158761425,1.1140039365403807,9082028.0
2025-02-10,32550.0,23278.0,23278.0,21590.0,31208.0,54829.0,78846.0,121068.0,136756.0,135396.0,139554.0,157695.0,159247.0,163831.0,181996.0,175358.0,155147.0,139622.0,114187.0,92280.0,79165.0,61781.0,49433.0,32736.0,27115.0,22902.0,22902.0,22438.0,31884.0,57075.0,85100.0,123177.0,137188.0,133410.0,143985.0,153652.0,160775.0,163846.0,180695.0,183326.0,163829.0,151285.0,125892.0,103016.0,87033.0,71853.0,55768.0,41862.0,30275.0,25218.0,25218.0,23502.0,31553.0,54022.0,82967.0,123624.0,137634.0,138041.0,145670.0,149098.0,162786.0,166713.0,184094.0,181356.0,168539.0,144465.0,125385.0,107255.0,91126.0,71620.0,54847.0,39654.0,28327.0,24677.0,24677.0,24616.0,32081.0,55726.0,83455.0,116710.0,132167.0,130568.0,131947.0,144618.0,150738.0,158882.0,166582.0,174505.0,164690.0,141894.0,132257.0,112672.0,93528.0,77767.0,60708.0,45891.0,38620.0,28012.0,28012.0,26156.0,34920.0,61092.0,89610.0,128519.0,143656.0,143012.0,159641.0,170357.0,182590.0,192655.0,203977.0,210230.0,194614.0,175157.0,165062.0,144041.0,118493.0,109685.0,83950.0,62055.0,46367.0,36084.0,36084.0,24655.0,29682.0,38746.0,56865.0,74955.0,89344.0,112470.0,127045.0,151510.0,164047.0,178917.0,190833.0,191117.0,180099.0,183202.0,173960.0,148267.0,125152.0,117185.0,97376.0,77282.0,46168.0,33772.0,33772.0,22491.0,25174.0,37827.0,48768.0,60098.0,70028.0,79775.0,96952.0,116907.0,131773.0,140876.0,142680.0,141668.0,124422.0,121000.0,116502.0,99466.0,77249.0,61062.0,45443.0,37311.0,0.49999999999999994,0.8660254037844387,0.6631226582407952,0.7485107481711011,-0.5,7518144.0,8789893.5,418710.76523259655,0.005852563892883467,0.8250170014332062,9135337.0
2025-02-17,29419.0,22297.0,22297.0,19593.0,30473.0,55777.0,76476.0,117356.0,135739.0,134947.0,140925.0,153478.0,153563.0,160390.0,175522.0,167980.0,155054.0,137427.0,112014.0,94285.0,80275.0,63333.0,49020.0,33468.0,27587.0,23250.0,23250.0,22306.0,33867.0,59461.0,84854.0,120984.0,135768.0,130869.0,140372.0,154070.0,160381.0,162566.0,175205.0,178726.0,158326.0,142064.0,120165.0,101979.0,86358.0,69870.0,54474.0,41720.0,31250.0,25751.0,25751.0,23960.0,31123.0,57364.0,87063.0,124556.0,142596.0,143480.0,149638.0,154694.0,168546.0,172979.0,188139.0,181532.0,172203.0,150951.0,130365.0,109754.0,94746.0,74461.0,54824.0,41060.0,31520.0,27803.0,27803.0,25978.0,34482.0,59599.0,89575.0,127727.0,147602.0,145256.0,150111.0,166247.0,168279.0,176273.0,183090.0,193734.0,184999.0,162949.0,152007.0,130526.0,107034.0,90198.0,68850.0,52986.0,39817.0,28898.0,28898.0,25993.0,34594.0,60465.0,88753.0,125638.0,142430.0,145060.0,157774.0,167379.0,179424.0,190009.0,199642.0,210306.0,194000.0,175761.0,161796.0,141550.0,115797.0,109464.0,81566.0,60220.0,48016.0,37447.0,37447.0,25824.0,31134.0,41149.0,60462.0,77576.0,94110.0,114938.0,135089.0,164929.0,181208.0,192879.0,210821.0,210861.0,198324.0,198925.0,188682.0,166906.0,139089.0,126471.0,103332.0,80507.0,51336.0,38462.0,38462.0,24834.0,26683.0,38505.0,48973.0,61801.0,74154.0,82968.0,100824.0,124519.0,142855.0,162911.0,168830.0,170439.0,155642.0,153232.0,148636.0,131453.0,101199.0,77950.0,59855.0,49966.0,0.49999999999999994,0.8660254037844387,0.7485107481711011,0.6631226582407953,-0.5,8055869.0,9178381.75,443946.4167970236,0.06840695982462108,1.3599529744060044,9782128.0
2025-02-24,36006.0,25495.0,25495.0,22422.0,34741.0,63035.0,84781.0,128252.0,146667.0,146831.0,152275.0,170420.0,169126.0,177672.0,202036.0,188577.0,171919.0,155468.0,127487.0,105019.0,91315.0,72689.0,52396.0,37888.0,30506.0,24223.0,24223.0,23853.0,35610.0,63726.0,94238.0,134346.0,153131.0,148546.0,160040.0,172052.0,180894.0,183438.0,198338.0,204090.0,178171.0,159366.0,137118.0,113387.0,98974.0,83603.0,63478.0,47062.0,37548.0,29361.0,29361.0,26127.0,32868.0,60842.0,97183.0,139132.0,160045.0,162642.0,168143.0,175494.0,186071.0,193229.0,210407.0,208457.0,192712.0,171720.0,150275.0,121632.0,103742.0,85452.0,60139.0,42590.0,30701.0,27598.0,27598.0,26610.0,35766.0,63644.0,97137.0,138237.0,155308.0,157187.0,155872.0,175876.0,179979.0,186540.0,199612.0,211565.0,195498.0,178665.0,168774.0,138607.0,118717.0,98343.0,74771.0,58879.0,46238.0,33171.0,33171.0,27388.0,36794.0,67497.0,102566.0,151386.0,172741.0,185482.0,203217.0,214772.0,232063.0,234136.0,255348.0,265570.0,245471.0,228243.0,207702.0,182044.0,143330.0,132373.0,96867.0,68703.0,49446.0,37012.0,37012.0,25621.0,32093.0,43372.0,65110.0,83166.0,100202.0,126472.0,149160.0,179021.0,196878.0,213608.0,221410.0,221797.0,204258.0,201983.0,189267.0,167409.0,143410.0,124848.0,99779.0,79465.0,50190.0,38366.0,38366.0,24593.0,27068.0,39064.0,51057.0,67167.0,78719.0,91644.0,106531.0,133119.0,150944.0,165727.0,166459.0,166777.0,149434.0,144076.0,136321.0,119571.0,91154.0,70641.0,52688.0,43074.0,0.49999999999999994,0.8660254037844387,0.8229838658936564,0.5680647467311559,-0.5,8600529.0,9617728.25,652046.255451444,0.06809258726366352,1.3092502914673543,10471420.0
2025-03-03,34100.0,24133.0,24133.0,20428.0,33983.0,60997.0,84153.0,126646.0,146170.0,146844.0,153970.0,167701.0,169940.0,177370.0,197304.0,186799.0,168965.0,152958.0,119405.0,98496.0,83252.0,66553.0,52571.0,37167.0,28735.0,22769.0,22769.0,21591.0,33564.0,59468.0,87767.0,126099.0,140391.0,136718.0,145386.0,157743.0,165151.0,168637.0,186591.0,191075.0,172420.0,157649.0,140493.0,115529.0,102019.0,85387.0,60114.0,43273.0,34315.0,29138.0,29138.0,26578.0,32179.0,59123.0,92244.0,133436.0,147223.0,150512.0,153932.0,166060.0,176719.0,181882.0,195026.0,198822.0,183152.0,158054.0,132360.0,109173.0,93722.0,74131.0,56055.0,41944.0,32157.0,26554.0,26554.0,25337.0,35486.0,64431.0,98208.0,136922.0,152730.0,151070.0,153024.0,176070.0,178440.0,187110.0,196997.0,206983.0,196808.0,181425.0,164199.0,140716.0,118070.0,96488.0,72120.0,50117.0,36085.0,28040.0,28040.0,27261.0,36315.0,65865.0,98330.0,134416.0,152600.0,150811.0,166381.0,175015.0,187836.0,197518.0,213320.0,218213.0,204161.0,184743.0,173710.0,149983.0,124408.0,112641.0,86642.0,64419.0,44285.0,33277.0,33277.0,23129.0,28606.0,39863.0,59424.0,76632.0,93020.0,115005.0,134550.0,158460.0,169545.0,182166.0,195820.0,190366.0,175925.0,171150.0,157786.0,140627.0,118301.0,102429.0,82711.0,67297.0,47943.0,35786.0,35786.0,23751.0,26411.0,38602.0,49340.0,64451.0,73952.0,83895.0,97335.0,121996.0,133635.0,147760.0,146897.0,148264.0,130879.0,125900.0,126072.0,106892.0,86050.0,66011.0,50487.0,38784.0,0.8660254037844386,0.5000000000000001,0.8854560256532099,0.4647231720437686,-0.5,8145996.0,9828690.5,549379.5191914235,-0.053504450644435764,0.17690229905737848,9925877.0
2025-03-10,35035.0,25497.0,25497.0,21823.0,34337.0,59874.0,84855.0,124882.0,141200.0,143432.0,144384.0,158534.0,164537.0,170597.0,187634.0,181069.0,163563.0,155850.0,132041.0,111256.0,95696.0,78368.0,55785.0,39184.0,29420.0,21959.0,21959.0,22325.0,33162.0,59955.0,91930.0,131298.0,148515.0,142718.0,150104.0,163122.0,172527.0,173078.0,189657.0,193538.0,170924.0,158808.0,143904.0,120472.0,107435.0,88122.0,60207.0,44249.0,33411.0,28716.0,28716.0,27275.0,33659.0,58547.0,97677.0,136641.0,150761.0,152293.0,153723.0,166907.0,175895.0,182401.0,195439.0,199803.0,183656.0,162026.0,142770.0,119748.0,104690.0,84327.0,62126.0,42370.0,33568.0,28160.0,28160.0,26398.0,37328.0,64543.0,99145.0,135772.0,153417.0,154420.0,155901.0,179529.0,185022.0,191829.0,197224.0,212016.0,200337.0,181103.0,166861.0,140196.0,120969.0,100058.0,75277.0,52194.0,36701.0,27549.0,27549.0,27387.0,36875.0,66521.0,98127.0,135342.0,153219.0,155765.0,168546.0,183417.0,192647.0,201355.0,218299.0,225431.0,212317.0,190701.0,182041.0,155816.0,127491.0,111363.0,88606.0,66246.0,47424.0,34204.0,34204.0,26295.0,33144.0,43948.0,64118.0,79697.0,99633.0,118116.0,135812.0,162302.0,176841.0,185388.0,194705.0,199300.0,177023.0,175478.0,163898.0,146937.0,123884.0,107242.0,87803.0,71864.0,49618.0,38686.0,38686.0,26174.0,28251.0,39031.0,50726.0,64375.0,76294.0,85912.0,101426.0,122888.0,143211.0,154703.0,152540.0,155633.0,140741.0,137667.0,128252.0,114222.0,88502.0,70144.0,56571.0,43125.0,0.8660254037844386,0.5000000000000001,0.9350162426854148,0.35460488704253557,-0.5,8345872.0,10080817.25,299869.20963354927,0.021721831473012543,0.2101807987456295,10143844.0
2025-03-17,36126.0,26544.0,26544.0,22595.0,36254.0,62766.0,91019.0,131911.0,153404.0,152138.0,158580.0,171421.0,175132.0,181386.0,201992.0,192948.0,173262.0,162137.0,128278.0,105553.0,88594.0,70772.0,55356.0,40967.0,31378.0,23893.0,23893.0,24871.0,37254.0,64226.0,97780.0,140252.0,155761.0,150286.0,158996.0,175763.0,181836.0,183911.0,203414.0,201742.0,179739.0,161127.0,134606.0,113765.0,95422.0,78991.0,57368.0,45146.0,32959.0,29319.0,29319.0,28352.0,35198.0,59731.0,99870.0,136058.0,154130.0,154566.0,155009.0,170238.0,178272.0,189388.0,199591.0,198332.0,184000.0,162712.0,141707.0,116479.0,102191.0,79314.0,60075.0,42898.0,30291.0,26149.0,26149.0,26495.0,36867.0,66323.0,101950.0,138887.0,151828.0,150196.0,155881.0,175114.0,181687.0,184473.0,199160.0,210433.0,196476.0,177156.0,151012.0,127388.0,109707.0,84424.0,67517.0,47845.0,38308.0,28708.0,28708.0,28592.0,38437.0,71304.0,103683.0,143507.0,162731.0,167263.0,176845.0,196055.0,205437.0,213597.0,223059.0,230982.0,219814.0,198915.0,183452.0,158784.0,130598.0,115024.0,86288.0,64324.0,45435.0,34437.0,34437.0,27952.0,35234.0,46851.0,68318.0,85628.0,100228.0,118222.0,134011.0,160052.0,168747.0,183436.0,193390.0,192209.0,178503.0,171530.0,160436.0,144475.0,124420.0,105307.0,83942.0,68416.0,48001.0,36962.0,36962.0,26438.0,29508.0,40625.0,52669.0,65222.0,77217.0,86166.0,103893.0,123256.0,138215.0,148064.0,149486.0,150831.0,133677.0,129319.0,120251.0,107331.0,82853.0,65589.0,49870.0,40912.0,0.8660254037844386,0.5000000000000001,0.970941817426052,0.23931566428755804,-0.5,8346787.0,10184752.25,224380.85314092523,0.005311659284771508,0.058453071268797105,10197868.0
2025-03-24,32153.0,25319.0,25319.0,22246.0,35474.0,63251.0,87493.0,127224.0,145129.0,148516.0,151902.0,165514.0,168430.0,171249.0,191947.0,180284.0,163009.0,146780.0,119603.0,96890.0,82324.0,61992.0,50501.0,38454.0,29708.0,22247.0,22247.0,24487.0,35228.0,62181.0,95222.0,132886.0,149630.0,149098.0,157677.0,168279.0,173417.0,176836.0,191008.0,195239.0,175256.0,160640.0,140057.0,112990.0,99821.0,82214.0,57577.0,41967.0,30925.0,28695.0,28695.0,27109.0,36176.0,64510.0,102131.0,141302.0,160717.0,164881.0,164677.0,178136.0,185796.0,192661.0,202533.0,199477.0,188041.0,163955.0,138204.0,110311.0,95645.0,73697.0,57381.0,41551.0,30593.0,24580.0,24580.0,26141.0,37909.0,67732.0,102228.0,139132.0,152473.0,156954.0,158661.0,174876.0,181387.0,186245.0,199811.0,209176.0,198568.0,178508.0,159509.0,135105.0,113453.0,94414.0,67834.0,46839.0,38360.0,29494.0,29494.0,29572.0,39379.0,68170.0,99956.0,139024.0,156242.0,158698.0,167464.0,191214.0,193900.0,200520.0,213176.0,215398.0,201987.0,187022.0,177940.0,155156.0,127972.0,115371.0,86307.0,62006.0,44639.0,32966.0,32966.0,26354.0,33062.0,45977.0,66802.0,82517.0,98297.0,119461.0,132055.0,163417.0,172523.0,177794.0,187142.0,186489.0,171837.0,165855.0,158198.0,143336.0,125311.0,103673.0,85328.0,69910.0,45525.0,36295.0,36295.0,25325.0,28300.0,38140.0,49693.0,62211.0,72534.0,82181.0,97161.0,118178.0,130568.0,137460.0,136995.0,136645.0,122394.0,123348.0,113236.0,101932.0,78224.0,61164.0,47012.0,39258.0,0.8660254037844386,0.5000000000000001,0.992708874098054,0.120536680255323,-0.5,8028986.0,10026521.0,171859.89657275937,-0.035875923040809,-1.0940655949970066,9838495.0
2025-03-31,32491.0,24341.0,24341.0,23388.0,36422.0,66655.0,90507.0,130812.0,148843.0,145043.0,151152.0,159705.0,166105.0,167749.0,191173.0,181031.0,163454.0,144039.0,116034.0,94886.0,78975.0,61947.0,48413.0,36148.0,28065.0,21816.0,21816.0,24078.0,37656.0,66469.0,100184.0,143682.0,160010.0,152130.0,158361.0,171476.0,177456.0,182026.0,198102.0,200829.0,182312.0,162470.0,142930.0,119730.0,101280.0,82851.0,58008.0,41724.0,26077.0,23995.0,23995.0,27247.0,35023.0,62168.0,100172.0,140511.0,155630.0,158239.0,156335.0,169303.0,173995.0,183984.0,195574.0,192152.0,177033.0,154649.0,132569.0,108196.0,92018.0,71442.0,56656.0,40947.0,30815.0,25243.0,25243.0,28298.0,40852.0,71330.0,105553.0,144030.0,154566.0,160821.0,159163.0,175091.0,183782.0,190309.0,202834.0,212485.0,198591.0,178193.0,155218.0,128365.0,107177.0,84893.0,66557.0,47378.0,43172.0,32393.0,32393.0,32807.0,45725.0,77259.0,111184.0,158437.0,180712.0,194486.0,209209.0,230495.0,243814.0,248909.0,254760.0,261850.0,248989.0,224709.0,210444.0,183829.0,152524.0,139455.0,104470.0,74904.0,47241.0,37681.0,37681.0,28346.0,34790.0,50718.0,70218.0,89996.0,103982.0,126431.0,145294.0,177367.0,193379.0,199271.0,206235.0,203745.0,184625.0,175581.0,172145.0,149211.0,129331.0,108117.0,91292.0,75689.0,51157.0,39040.0,39040.0,28585.0,31933.0,41547.0,52869.0,67321.0,78731.0,91701.0,106105.0,133258.0,149533.0,159195.0,161551.0,158014.0,142427.0,143286.0,125639.0,107320.0,88131.0,67389.0,51491.0,37270.0,0.8660254037844386,0.5000000000000001,1.0,-1.6081226496766366e-16,-0.5,8396372.0,10122454.75,201499.07703572628,0.04677390709827023,0.9288243537056825,10309612.0
2025-04-07,28533.0,23370.0,23370.0,23881.0,38288.0,69314.0,97266.0,137742.0,155576.0,156663.0,159697.0,168040.0,174485.0,181519.0,201673.0,196653.0,177744.0,157801.0,131371.0,108479.0,92363.0,75236.0,53866.0,39771.0,30357.0,23496.0,23496.0,26925.0,41240.0,71588.0,106734.0,156620.0,171246.0,165736.0,173839.0,185977.0,196816.0,199182.0,212665.0,215234.0,189710.0,169350.0,140750.0,113180.0,94550.0,75075.0,56515.0,43164.0,30374.0,26010.0,26010.0,29715.0,40190.0,73683.0,115091.0,158532.0,177764.0,179885.0,184293.0,194591.0,206638.0,213943.0,229745.0,219234.0,206994.0,180182.0,149406.0,122108.0,102325.0,80065.0,63866.0,42677.0,29405.0,23889.0,23889.0,27851.0,40529.0,72460.0,105518.0,144487.0,153785.0,158330.0,157671.0,174201.0,180053.0,186666.0,198707.0,208732.0,194660.0,172930.0,152097.0,129483.0,109212.0,91971.0,66016.0,46248.0,38663.0,28740.0,28740.0,30856.0,42533.0,72438.0,109549.0,149544.0,168436.0,172214.0,181939.0,203141.0,214002.0,212045.0,227496.0,228517.0,217349.0,198700.0,189719.0,163895.0,133825.0,123999.0,88855.0,64261.0,46156.0,35567.0,35567.0,27801.0,32734.0,47094.0,69040.0,86531.0,100041.0,123838.0,140447.0,170835.0,181163.0,186935.0,196918.0,189706.0,178813.0,170310.0,166685.0,139847.0,122585.0,100909.0,87503.0,74038.0,51062.0,38330.0,38330.0,28983.0,33377.0,41738.0,50583.0,63281.0,76138.0,90575.0,103436.0,130787.0,144624.0,150035.0,153499.0,144525.0,132579.0,133095.0,118195.0,103024.0,81190.0,64402.0,49723.0,36339.0,1.0,6.123233995736766e-17,0.992708874098054,-0.12053668025532288,-0.5,8487585.0,10198114.0,260412.40137520246,0.013188510061635128,0.9537449011199454,10446481.0
2025-04-14,29557.0,23742.0,23742.0,25737.0,38797.0,70872.0,100172.0,139579.0,159101.0,158439.0,164237.0,169228.0,175298.0,182366.0,204967.0,200972.0,177617.0,161522.0,138406.0,111441.0,96111.0,80535.0,55297.0,40306.0,30103.0,23218.0,23218.0,26738.0,40123.0,68258.0,102727.0,144105.0,157544.0,156995.0,155630.0,169095.0,177670.0,182068.0,194597.0,192866.0,175045.0,154312.0,128598.0,102285.0,85025.0,70092.0,52446.0,42156.0,30687.0,26160.0,26160.0,31876.0,41797.0,74834.0,114699.0,155177.0,172043.0,180753.0,177297.0,192239.0,197372.0,207282.0,214417.0,212205.0,195954.0,170760.0,147235.0,119699.0,98240.0,78763.0,63863.0,45777.0,30640.0,25629.0,25629.0,29051.0,42042.0,72579.0,106609.0,144400.0,156953.0,162434.0,162279.0,177917.0,184598.0,193876.0,204264.0,209782.0,197321.0,176667.0,153689.0,126658.0,106217.0,86807.0,66407.0,46513.0,35461.0,26320.0,26320.0,27679.0,37498.0,64716.0,96573.0,130294.0,152350.0,160775.0,172089.0,197173.0,210029.0,207179.0,218827.0,221483.0,214037.0,197804.0,181361.0,158628.0,132329.0,116285.0,87512.0,62508.0,45112.0,35089.0,35089.0,26390.0,32305.0,47193.0,66029.0,84398.0,98469.0,124069.0,143404.0,175516.0,190307.0,195640.0,195653.0,189374.0,170859.0,167034.0,160560.0,137196.0,121982.0,101246.0,82837.0,64240.0,46615.0,36770.0,36770.0,26563.0,31487.0,40110.0,50299.0,64408.0,73365.0,88607.0,102935.0,128595.0,137703.0,146164.0,144021.0,136629.0,127417.0,121743.0,110432.0,97319.0,77958.0,63346.0,47790.0,35815.0,1.0,6.123233995736766e-17,0.9709418174260521,-0.2393156642875575,-0.5,8286906.0,10190957.0,260814.50185524492,-0.026897695006560696,-0.08326607548859837,10169240.0
2025-04-21,27965.0,22063.0,22063.0,24579.0,36501.0,66165.0,95196.0,131019.0,149012.0,145715.0,148833.0,159876.0,165225.0,170162.0,191177.0,188240.0,169634.0,148940.0,120961.0,98646.0,83484.0,66408.0,47130.0,35791.0,29178.0,23051.0,23051.0,27800.0,41392.0,72463.0,106367.0,148815.0,163173.0,160594.0,160490.0,173267.0,180074.0,186468.0,197284.0,200224.0,179399.0,158983.0,132657.0,109191.0,89544.0,71412.0,52051.0,40068.0,30612.0,25862.0,25862.0,31448.0,41696.0,73784.0,112601.0,151765.0,167839.0,174715.0,179458.0,193182.0,205638.0,208852.0,217560.0,211987.0,196198.0,167524.0,144379.0,116712.0,98891.0,76795.0,63395.0,44013.0,31742.0,26768.0,26768.0,30223.0,44725.0,76352.0,111457.0,145014.0,155870.0,162912.0,162299.0,177820.0,188267.0,196847.0,204913.0,210016.0,198634.0,183521.0,168361.0,142792.0,118401.0,98578.0,71218.0,49366.0,36607.0,28251.0,28251.0,31918.0,43047.0,71521.0,104089.0,140194.0,158047.0,166021.0,167814.0,190302.0,201664.0,198683.0,213456.0,218137.0,210504.0,189237.0,172559.0,149602.0,124716.0,111544.0,85641.0,63597.0,46995.0,38237.0,38237.0,28486.0,34434.0,51776.0,71824.0,90580.0,107584.0,132700.0,154813.0,184838.0,200793.0,211728.0,213225.0,205595.0,188314.0,178155.0,168722.0,144933.0,125803.0,102078.0,84467.0,64957.0,53301.0,38452.0,38452.0,31160.0,35387.0,45332.0,57483.0,73839.0,87231.0,104449.0,124372.0,156813.0,168483.0,176935.0,181226.0,165552.0,155460.0,149087.0,129000.0,114308.0,92662.0,74106.0,55195.0,40552.0,1.0,6.123233995736766e-17,0.9350162426854148,-0.35460488704253545,-0.5,8349954.0,10291284.25,118275.03643168391,0.0069150004543097054,-0.43525879638798654,10239804.0
2025-04-28,29795.0,24861.0,24861.0,27115.0,41057.0,71854.0,101967.0,141646.0,152140.0,151665.0,154465.0,163418.0,165414.0,172017.0,189465.0,189807.0,163398.0,149780.0,124599.0,98372.0,85653.0,67817.0,48922.0,38839.0,29097.0,21719.0,21719.0,27154.0,39719.0,67822.0,100001.0,137276.0,154499.0,152569.0,155062.0,165301.0,173078.0,180087.0,190084.0,189219.0,169083.0,149345.0,125727.0,100888.0,83499.0,67755.0,51028.0,39506.0,31453.0,27163.0,27163.0,32592.0,42595.0,74678.0,112473.0,153519.0,169861.0,172141.0,175726.0,186211.0,198442.0,200729.0,212069.0,212699.0,208154.0,190137.0,171188.0,147051.0,129177.0,98976.0,84086.0,53931.0,32206.0,26966.0,26966.0,30109.0,44725.0,72429.0,109708.0,142936.0,148059.0,156041.0,157161.0,170611.0,177065.0,189897.0,196708.0,203327.0,192143.0,178611.0,162241.0,136058.0,116003.0,94322.0,68929.0,49130.0,33195.0,25723.0,25723.0,29318.0,42324.0,70039.0,101322.0,137131.0,148767.0,157891.0,163539.0,182698.0,192885.0,193328.0,206319.0,209593.0,199485.0,181405.0,169341.0,141931.0,117952.0,105007.0,81312.0,60355.0,41625.0,34277.0,34277.0,27132.0,32604.0,47735.0,66486.0,82338.0,98896.0,121801.0,136029.0,155748.0,168409.0,173743.0,177765.0,170304.0,159965.0,151770.0,146129.0,127440.0,110697.0,92646.0,77332.0,61102.0,43680.0,33663.0,33663.0,28625.0,33282.0,42871.0,54427.0,68736.0,83136.0,96308.0,109783.0,137116.0,139354.0,148454.0,146071.0,140698.0,133168.0,126075.0,115685.0,99719.0,79142.0,62679.0,48789.0,34982.0,1.0,6.123233995736766e-17,0.8854560256532099,-0.4647231720437685,-0.5,8153009.0,10209199.25,192169.06840830593,-0.02557193916215894,-1.1860766765841726,9981272.0
2025-05-05,28847.0,24086.0,24086.0,28071.0,42480.0,76174.0,106442.0,146838.0,155022.0,156243.0,161822.0,170306.0,175743.0,177760.0,193244.0,189263.0,164248.0,147947.0,124740.0,99463.0,85107.0,67438.0,53162.0,41270.0,29423.0,22604.0,22604.0,28005.0,43480.0,72216.0,102291.0,139100.0,152970.0,154173.0,154204.0,165214.0,172111.0,176506.0,189679.0,185771.0,172325.0,145320.0,121963.0,101978.0,79112.0,64473.0,48876.0,38851.0,28393.0,25576.0,25576.0,31136.0,42866.0,75116.0,111042.0,149275.0,163416.0,168599.0,166706.0,177914.0,186994.0,191280.0,203973.0,198571.0,187358.0,162130.0,144031.0,113890.0,98363.0,76402.0,61447.0,43435.0,31954.0,25456.0,25456.0,30778.0,47154.0,77782.0,115108.0,145963.0,151707.0,159031.0,157854.0,172814.0,178937.0,190716.0,194801.0,201527.0,186815.0,172561.0,149219.0,123477.0,105416.0,82693.0,63637.0,45492.0,36789.0,27708.0,27708.0,31774.0,46136.0,74917.0,106831.0,144149.0,160869.0,171691.0,175672.0,195771.0,210663.0,208812.0,221506.0,225081.0,221206.0,199723.0,188684.0,155555.0,133599.0,119105.0,88211.0,66279.0,45816.0,35691.0,35691.0,30224.0,36188.0,52256.0,71383.0,89249.0,107217.0,136176.0,157097.0,178013.0,193864.0,201243.0,205147.0,198764.0,186643.0,177672.0,170995.0,144144.0,130198.0,106462.0,84176.0,67554.0,51035.0,36979.0,36979.0,30281.0,34868.0,43970.0,57427.0,72728.0,81786.0,103940.0,119873.0,151057.0,159296.0,170023.0,164951.0,157898.0,155179.0,136494.0,123256.0,110428.0,86059.0,69543.0,55699.0,40799.0,0.8660254037844387,-0.4999999999999998,0.8229838658936565,-0.5680647467311557,-0.5,8469681.0,10188807.25,160278.57099307704,0.03771581140030378,1.0987479418418735,10364913.0
2025-05-12,29364.0,24320.0,24320.0,29060.0,44803.0,77327.0,109290.0,146340.0,157656.0,159365.0,161102.0,169003.0,176621.0,183535.0,194947.0,195370.0,168979.0,157511.0,135512.0,107597.0,90539.0,72887.0,54658.0,42344.0,33344.0,24146.0,24146.0,31831.0,47728.0,76195.0,108008.0,147648.0,164672.0,169880.0,167007.0,177892.0,188661.0,191533.0,200619.0,195536.0,181386.0,160202.0,138701.0,112481.0,91982.0,73988.0,53940.0,41685.0,30136.0,26089.0,26089.0,33006.0,46077.0,80164.0,113819.0,153307.0,167696.0,176834.0,177909.0,189733.0,196550.0,201376.0,214679.0,210075.0,196091.0,175873.0,152403.0,120397.0,100573.0,81634.0,65473.0,48300.0,31952.0,25500.0,25500.0,31481.0,47814.0,77628.0,119283.0,151204.0,159373.0,163873.0,166514.0,182246.0,185950.0,193963.0,200957.0,208355.0,188442.0,174556.0,151199.0,125059.0,106168.0,85436.0,63939.0,45508.0,35470.0,27655.0,27655.0,32339.0,46242.0,78445.0,107340.0,142390.0,155281.0,165299.0,167547.0,185911.0,203462.0,200884.0,210270.0,209552.0,203928.0,184333.0,169227.0,145835.0,121562.0,107549.0,83259.0,61784.0,42032.0,33519.0,33519.0,28239.0,33850.0,48996.0,67464.0,86226.0,101024.0,124965.0,140995.0,160431.0,171282.0,174906.0,177591.0,174476.0,164374.0,154414.0,143625.0,127071.0,115622.0,92518.0,75927.0,62618.0,49940.0,37908.0,37908.0,29806.0,35319.0,44903.0,57241.0,72578.0,83023.0,107541.0,123653.0,152273.0,162279.0,172441.0,174811.0,173527.0,166622.0,158684.0,143781.0,125639.0,102852.0,85598.0,62110.0,48955.0,0.8660254037844387,-0.4999999999999998,0.7485107481711013,-0.663122658240795,-0.5,8478477.0,10242917.25,185949.89914736766,0.002001581827730803,0.7677484669505451,10385680.0
2025-05-19,29796.0,25721.0,25721.0,29413.0,45024.0,73863.0,107292.0,140804.0,149541.0,150348.0,149201.0,157400.0,166514.0,172034.0,181322.0,179820.0,151658.0,141745.0,122505.0,95495.0,81648.0,65747.0,50541.0,38546.0,29329.0,22154.0,22154.0,30182.0,44395.0,73523.0,106740.0,144330.0,157563.0,161038.0,159216.0,165420.0,175653.0,181285.0,189308.0,181069.0,171577.0,146822.0,121697.0,98673.0,81877.0,66959.0,48094.0,38568.0,26404.0,23667.0,23667.0,30411.0,43399.0,74268.0,106540.0,141418.0,151128.0,158747.0,156460.0,168942.0,172929.0,178170.0,189785.0,187986.0,178633.0,154685.0,131904.0,105102.0,90662.0,73252.0,59754.0,41265.0,30972.0,25976.0,25976.0,31479.0,48540.0,78466.0,113757.0,150866.0,153039.0,166684.0,163922.0,177578.0,183183.0,194666.0,198093.0,206819.0,191400.0,185115.0,175550.0,150846.0,124231.0,104758.0,70686.0,48687.0,35514.0,27333.0,27333.0,32926.0,49071.0,77636.0,104100.0,141007.0,155597.0,168044.0,171282.0,191852.0,207875.0,205935.0,212240.0,214807.0,211895.0,193990.0,185063.0,158866.0,131947.0,115891.0,86401.0,65127.0,47374.0,37736.0,37736.0,30350.0,36227.0,53112.0,72712.0,92909.0,111625.0,140460.0,157535.0,183315.0,191922.0,202289.0,198480.0,201519.0,195069.0,188496.0,183885.0,161511.0,144124.0,123360.0,98774.0,83992.0,55095.0,39485.0,39485.0,31525.0,36175.0,45713.0,58372.0,75198.0,86801.0,113044.0,128713.0,161977.0,167538.0,174724.0,171921.0,164562.0,165117.0,153712.0,149509.0,137999.0,109819.0,92938.0,70187.0,56808.0,0.8660254037844387,-0.4999999999999998,0.6631226582407952,-0.7485107481711012,-0.5,8513512.0,10283268.25,201879.131647915,0.0014940188636529683,0.5842097151759672,10401208.0
2025-05-26,33857.0,26491.0,26491.0,27793.0,39342.0,64239.0,91099.0,117823.0,125219.0,129273.0,131255.0,139913.0,155317.0,161866.0,165653.0,166537.0,144314.0,134833.0,123989.0,100688.0,84990.0,66547.0,48307.0,37233.0,31341.0,25130.0,25130.0,34250.0,49247.0,77377.0,110906.0,145238.0,158049.0,163789.0,162495.0,170971.0,180727.0,189561.0,191859.0,184630.0,177565.0,154520.0,131115.0,108926.0,91776.0,74696.0,54063.0,41451.0,27680.0,25409.0,25409.0,33238.0,46443.0,80961.0,112173.0,144331.0,158507.0,166174.0,165209.0,181293.0,185760.0,194095.0,195488.0,198907.0,184574.0,161100.0,138803.0,110134.0,94573.0,77103.0,61322.0,43417.0,30969.0,24524.0,24524.0,32031.0,48737.0,80380.0,113507.0,147344.0,154537.0,163153.0,161629.0,173375.0,180688.0,190195.0,195606.0,203317.0,184671.0,169814.0,149592.0,124367.0,105072.0,84103.0,64718.0,45836.0,37953.0,28528.0,28528.0,32768.0,51343.0,80009.0,109984.0,143901.0,158213.0,168773.0,171681.0,189369.0,201507.0,199913.0,205853.0,211069.0,201497.0,185513.0,167255.0,142608.0,119106.0,104803.0,81795.0,63509.0,47756.0,38355.0,38355.0,33851.0,40381.0,58958.0,79612.0,102577.0,117180.0,143993.0,161485.0,184154.0,194503.0,205669.0,205853.0,200343.0,189996.0,181635.0,175857.0,149610.0,133483.0,112757.0,91085.0,78385.0,54932.0,39889.0,39889.0,33140.0,38122.0,50050.0,66017.0,82405.0,91567.0,119925.0,128292.0,155679.0,160776.0,168968.0,165739.0,158205.0,152634.0,139547.0,125557.0,115599.0,94971.0,76798.0,61225.0,49304.0,0.8660254037844387,-0.4999999999999998,0.5680647467311558,-0.8229838658936564,-0.5,8389842.0,10356130.5,57559.91357706836,-0.012430016751316941,-1.4490900839925864,10272721.0
2025-06-02,35524.0,28111.0,28111.0,32836.0,48668.0,80530.0,111634.0,146255.0,155348.0,158723.0,156492.0,167075.0,178201.0,183394.0,184887.0,185681.0,156213.0,144611.0,127283.0,101388.0,88643.0,70487.0,53620.0,40958.0,30244.0,22387.0,22387.0,33086.0,48583.0,78686.0,111968.0,148951.0,165381.0,171815.0,167976.0,172339.0,184499.0,189989.0,191969.0,183615.0,178955.0,156097.0,134977.0,112091.0,90979.0,75077.0,54309.0,40083.0,28008.0,23522.0,23522.0,32599.0,47773.0,81441.0,112741.0,148407.0,160409.0,168864.0,166121.0,174512.0,183014.0,188546.0,193839.0,195155.0,182395.0,160965.0,134826.0,110032.0,91601.0,75653.0,61232.0,40889.0,31164.0,25648.0,25648.0,35251.0,51671.0,83276.0,118146.0,149273.0,158089.0,167721.0,164908.0,174322.0,185057.0,197715.0,197565.0,202614.0,185689.0,173627.0,148705.0,125303.0,105429.0,83340.0,63596.0,46724.0,37156.0,27199.0,27199.0,34949.0,50963.0,83281.0,111879.0,142644.0,156949.0,167283.0,173563.0,192133.0,207105.0,205321.0,205273.0,209661.0,203255.0,191899.0,176764.0,154983.0,132546.0,115887.0,87484.0,63936.0,45977.0,36328.0,36328.0,33800.0,39881.0,57184.0,76375.0,96848.0,109821.0,137235.0,154406.0,175761.0,184554.0,192969.0,190680.0,190108.0,178224.0,168383.0,162366.0,140106.0,128190.0,104769.0,85378.0,71859.0,48286.0,35371.0,35371.0,28511.0,33062.0,44173.0,58133.0,74356.0,81274.0,105087.0,123128.0,151697.0,162798.0,169865.0,168012.0,154032.0,153373.0,136114.0,123680.0,111641.0,90783.0,74562.0,56495.0,45131.0,0.49999999999999994,-0.8660254037844387,0.46472317204376906,-0.8854560256532096,-0.5,8489906.0,10364155.5,61308.16952902426,0.01202661689769613,0.535939993844454,10397013.0
2025-06-09,33647.0,26548.0,26548.0,32478.0,46993.0,78153.0,108744.0,139704.0,149524.0,152859.0,155970.0,162939.0,174804.0,180721.0,181817.0,177666.0,151640.0,143138.0,123138.0,100624.0,87502.0,68685.0,50090.0,37677.0,30448.0,25077.0,25077.0,34281.0,49148.0,81824.0,114819.0,149907.0,165410.0,176507.0,173326.0,177886.0,192283.0,196285.0,203638.0,195571.0,188673.0,173878.0,150292.0,130545.0,104880.0,89480.0,65924.0,53253.0,30531.0,23731.0,23731.0,32142.0,46904.0,81952.0,111566.0,145667.0,157783.0,167818.0,166156.0,177464.0,183321.0,188777.0,195250.0,198781.0,180449.0,162102.0,138831.0,113078.0,92333.0,75616.0,60260.0,42850.0,29255.0,25411.0,25411.0,34417.0,50965.0,81362.0,114008.0,143605.0,149005.0,160139.0,158069.0,164979.0,178326.0,188173.0,187539.0,191562.0,175289.0,163192.0,144293.0,123021.0,103654.0,80883.0,61418.0,45282.0,36098.0,26573.0,26573.0,33204.0,49632.0,79518.0,109565.0,138984.0,154920.0,162516.0,171167.0,187618.0,205494.0,205315.0,207652.0,211478.0,205569.0,194755.0,183391.0,164916.0,136470.0,121670.0,88407.0,63588.0,44563.0,36808.0,36808.0,30312.0,38826.0,54846.0,73415.0,93243.0,105174.0,134225.0,149843.0,173721.0,181990.0,192218.0,186509.0,185466.0,172474.0,160234.0,158802.0,133307.0,123708.0,99790.0,81929.0,66092.0,45863.0,34183.0,34183.0,26703.0,31397.0,43972.0,58459.0,75463.0,84145.0,109554.0,125755.0,156515.0,165455.0,171671.0,167268.0,157397.0,152283.0,133876.0,121760.0,110398.0,89248.0,74072.0,53657.0,44491.0,0.49999999999999994,-0.8660254037844387,0.35460488704253584,-0.9350162426854147,-0.5,8455060.0,10348686.5,61870.44141052253,-0.0070662558871106285,-0.40217104376061785,10323804.0
2025-06-16,33953.0,27901.0,27901.0,33606.0,47804.0,77579.0,109316.0,142189.0,151303.0,154370.0,156021.0,162224.0,175247.0,182211.0,181702.0,181465.0,154776.0,140761.0,125757.0,103537.0,85639.0,68798.0,51345.0,38889.0,28869.0,23216.0,23216.0,31852.0,47750.0,79530.0,110024.0,146095.0,160440.0,169718.0,168843.0,174132.0,184558.0,188638.0,193641.0,188819.0,177557.0,163216.0,132873.0,111311.0,88985.0,75495.0,54971.0,44271.0,31014.0,22883.0,22883.0,32448.0,48595.0,84305.0,113730.0,150756.0,158000.0,171315.0,172288.0,182655.0,187974.0,195415.0,200141.0,201060.0,186008.0,167555.0,140372.0,116833.0,95500.0,75844.0,61823.0,44515.0,30105.0,25293.0,25293.0,31803.0,48028.0,73138.0,108220.0,139390.0,151771.0,160594.0,159189.0,173504.0,187656.0,198427.0,202196.0,206056.0,190697.0,177722.0,168450.0,141075.0,123175.0,95705.0,65788.0,47038.0,36477.0,26910.0,26910.0,34682.0,50825.0,82784.0,111190.0,143348.0,158540.0,173263.0,173469.0,193403.0,208105.0,208594.0,203805.0,209947.0,195465.0,185327.0,164543.0,142643.0,122187.0,108566.0,85071.0,62922.0,45564.0,37378.0,37378.0,31373.0,39540.0,59138.0,74810.0,98036.0,109681.0,137801.0,150123.0,170223.0,177930.0,184215.0,180104.0,180983.0,171521.0,158371.0,155235.0,134440.0,120330.0,98825.0,85436.0,67349.0,49223.0,34275.0,34275.0,28148.0,33532.0,45768.0,59467.0,77392.0,84032.0,107516.0,114900.0,139850.0,152435.0,152586.0,154301.0,149904.0,144968.0,136883.0,122606.0,112794.0,95691.0,74700.0,55079.0,44041.0,0.49999999999999994,-0.8660254037844387,0.23931566428755768,-0.970941817426052,-0.5,8525796.0,10349470.0,62770.54986217317,0.007770921482077142,0.8741679039053154,10404342.0
2025-06-23,36796.0,28870.0,28870.0,34112.0,48340.0,79216.0,109934.0,141397.0,153631.0,156501.0,155618.0,165208.0,177166.0,181261.0,184629.0,184067.0,162362.0,148986.0,131620.0,111118.0,94152.0,78483.0,60273.0,44083.0,30244.0,26525.0,26525.0,33765.0,49128.0,85231.0,116477.0,152443.0,166405.0,175613.0,172903.0,183011.0,189691.0,199121.0,204783.0,197397.0,187937.0,172314.0,150276.0,127058.0,97725.0,83100.0,61288.0,45371.0,30984.0,24873.0,24873.0,33211.0,48027.0,85928.0,118468.0,154277.0,163238.0,174578.0,178879.0,188447.0,199435.0,207890.0,212454.0,212269.0,194269.0,176619.0,146418.0,120601.0,98639.0,79994.0,63648.0,43800.0,31012.0,25633.0,25633.0,35024.0,52464.0,82294.0,117906.0,152292.0,163951.0,176543.0,173962.0,190684.0,208513.0,215003.0,211268.0,211802.0,189948.0,178473.0,161959.0,135974.0,118055.0,91085.0,66341.0,47025.0,37426.0,26432.0,26432.0,35265.0,51896.0,83832.0,114214.0,146647.0,162789.0,173190.0,177785.0,193155.0,211174.0,214268.0,211286.0,223519.0,213606.0,200359.0,186386.0,163236.0,138239.0,123480.0,93755.0,68119.0,45563.0,36407.0,36407.0,32449.0,42009.0,61009.0,78428.0,102767.0,116030.0,145443.0,163286.0,183896.0,194953.0,201372.0,199790.0,199692.0,183200.0,168232.0,164255.0,142671.0,128369.0,106800.0,87838.0,68309.0,51517.0,36844.0,36844.0,30282.0,36245.0,48413.0,63649.0,81364.0,88664.0,114346.0,127395.0,157597.0,168591.0,173259.0,169084.0,163959.0,156700.0,142093.0,129296.0,117150.0,100925.0,80942.0,60677.0,47409.0,0.49999999999999994,-0.8660254037844387,0.12053668025532308,-0.992708874098054,-0.5,8907268.0,10493260.25,239194.4777461419,0.04174663060948092,1.4825666267110127,10847882.0
2025-06-30,34714.0,27053.0,27053.0,32399.0,47597.0,77604.0,104994.0,135823.0,143523.0,148352.0,147837.0,155318.0,169207.0,175432.0,174936.0,171299.0,152242.0,139958.0,122419.0,103904.0,89408.0,71129.0,54851.0,39575.0,29435.0,23739.0,23739.0,31361.0,47946.0,80491.0,107711.0,143274.0,156252.0,168218.0,163150.0,169772.0,176234.0,185806.0,189928.0,179708.0,170102.0,153152.0,127051.0,104002.0,81801.0,73642.0,53035.0,42292.0,31748.0,23988.0,23988.0,31859.0,47558.0,80506.0,107492.0,142714.0,153250.0,165488.0,165672.0,175312.0,180226.0,186141.0,193927.0,198009.0,182663.0,169322.0,138194.0,111753.0,89482.0,74337.0,58189.0,41097.0,29967.0,23547.0,23547.0,32342.0,48937.0,77646.0,109367.0,143298.0,153161.0,164162.0,161543.0,175067.0,186358.0,195319.0,193774.0,195187.0,179035.0,168989.0,152928.0,130875.0,109750.0,88586.0,65480.0,46901.0,32680.0,23297.0,23297.0,28451.0,41641.0,64257.0,86508.0,110792.0,120340.0,131110.0,134094.0,146452.0,160177.0,164605.0,162635.0,170638.0,160962.0,149107.0,135143.0,120552.0,100928.0,88017.0,71540.0,57322.0,41901.0,31021.0,31021.0,27506.0,35944.0,51406.0,66188.0,88650.0,97690.0,125402.0,134426.0,150655.0,154014.0,166397.0,161908.0,161589.0,151122.0,139724.0,134697.0,118104.0,109847.0,85685.0,74047.0,57416.0,45996.0,34403.0,34403.0,25942.0,31289.0,42901.0,55486.0,73257.0,76439.0,99262.0,107286.0,128347.0,135194.0,140323.0,136732.0,136283.0,130203.0,120156.0,109134.0,101698.0,84611.0,69274.0,54789.0,41566.0,0.49999999999999994,-0.8660254037844387,-3.216245299353273e-16,-1.0,-0.5,7929090.0,10307234.5,493337.16849061026,-0.11671041784930125,-1.3263231351530609,9652910.0
2025-07-07,34719.0,27589.0,27589.0,32650.0,47394.0,77775.0,106402.0,136649.0,149674.0,151328.0,154900.0,166803.0,186615.0,189023.0,185780.0,186001.0,160073.0,153658.0,140530.0,117124.0,99359.0,78324.0,56887.0,38486.0,30527.0,24276.0,24276.0,31320.0,47305.0,79366.0,109269.0,143334.0,157751.0,169125.0,165425.0,173740.0,181488.0,188839.0,191984.0,186169.0,182828.0,170783.0,148659.0,129995.0,104135.0,91707.0,63197.0,48666.0,28676.0,23063.0,23063.0,30037.0,46937.0,77620.0,109256.0,139210.0,146780.0,160441.0,164080.0,176360.0,181426.0,190658.0,192718.0,201432.0,182992.0,172257.0,139898.0,115590.0,93324.0,73667.0,58743.0,41429.0,29818.0,24624.0,24624.0,32781.0,48888.0,78272.0,111176.0,142209.0,155891.0,168428.0,166970.0,178682.0,189924.0,193399.0,195000.0,196706.0,180012.0,166586.0,153319.0,128985.0,110080.0,88170.0,67898.0,48987.0,38062.0,26151.0,26151.0,32830.0,47032.0,74859.0,102356.0,130803.0,149181.0,157641.0,161881.0,176683.0,194596.0,200393.0,195667.0,203098.0,197509.0,193903.0,181027.0,166775.0,137525.0,120625.0,96517.0,67250.0,47437.0,35584.0,35584.0,31148.0,39990.0,58169.0,72925.0,94719.0,107654.0,138226.0,158902.0,180279.0,190872.0,199808.0,189659.0,189080.0,175726.0,162880.0,155702.0,140675.0,126442.0,104997.0,87574.0,66017.0,50734.0,34497.0,34497.0,28554.0,33185.0,44995.0,59753.0,77223.0,85250.0,108241.0,121774.0,145236.0,160518.0,164238.0,158370.0,154926.0,147865.0,134826.0,123271.0,114212.0,94474.0,80740.0,60120.0,47633.0,1.2246467991473532e-16,-1.0,-0.12053668025532283,-0.992708874098054,-0.5,8659895.0,10352813.0,503691.43498640717,0.0846983214361181,0.30436292807745907,10506118.0
2025-07-14,34425.0,28192.0,28192.0,33484.0,49431.0,81993.0,110260.0,141441.0,153426.0,152011.0,156426.0,167552.0,182010.0,187470.0,181142.0,178238.0,156702.0,144914.0,128912.0,105744.0,91172.0,75406.0,57707.0,41209.0,30466.0,23623.0,23623.0,32655.0,49238.0,81333.0,109836.0,142042.0,159275.0,166787.0,164706.0,173644.0,179142.0,187756.0,185985.0,178117.0,173269.0,154360.0,127400.0,106054.0,89234.0,78638.0,58561.0,44998.0,29830.0,24711.0,24711.0,32542.0,48768.0,83160.0,111886.0,144775.0,153371.0,164956.0,168361.0,176635.0,183230.0,191583.0,192493.0,197688.0,182002.0,167405.0,135982.0,115495.0,94091.0,76313.0,61266.0,43047.0,30287.0,23203.0,23203.0,32830.0,51038.0,81636.0,113112.0,144122.0,158472.0,169511.0,166346.0,181534.0,190162.0,192828.0,195925.0,199488.0,179203.0,166425.0,147962.0,125549.0,104107.0,84417.0,65178.0,45687.0,38217.0,27437.0,27437.0,34724.0,49791.0,78393.0,105236.0,134335.0,148229.0,155868.0,164680.0,178834.0,191065.0,199791.0,195046.0,196290.0,187320.0,173834.0,156833.0,137126.0,115144.0,100117.0,82148.0,62735.0,44362.0,34747.0,34747.0,29440.0,39390.0,55024.0,72049.0,94172.0,104220.0,130878.0,142726.0,160712.0,164406.0,174200.0,171468.0,169336.0,159173.0,147656.0,142220.0,127623.0,116564.0,95714.0,83427.0,61118.0,49070.0,35752.0,35752.0,31135.0,33577.0,45489.0,61143.0,78094.0,83905.0,103866.0,114698.0,134019.0,149799.0,153721.0,148376.0,150697.0,142700.0,135447.0,121083.0,112378.0,95696.0,78889.0,57656.0,48037.0,1.2246467991473532e-16,-1.0,-0.23931566428755743,-0.9709418174260521,-0.5,8318693.0,10285561.5,512401.2541342309,-0.03592981886729163,-0.29317941513204465,10135336.0
2025-07-21,33743.0,27848.0,27848.0,34110.0,49195.0,81438.0,108788.0,138946.0,153664.0,152849.0,157932.0,164810.0,186480.0,184758.0,184135.0,178439.0,163163.0,144707.0,127023.0,107445.0,90829.0,75526.0,57282.0,41047.0,30843.0,23594.0,23594.0,33100.0,48662.0,80170.0,106955.0,142748.0,161267.0,169066.0,163274.0,175365.0,182110.0,187951.0,189078.0,184228.0,177301.0,159955.0,132062.0,107986.0,89080.0,77887.0,57864.0,43100.0,30278.0,24977.0,24977.0,31196.0,47165.0,82638.0,111961.0,144519.0,155392.0,163684.0,168165.0,176388.0,185247.0,193125.0,192953.0,199466.0,182510.0,168053.0,137631.0,114714.0,95440.0,76959.0,62053.0,44617.0,31384.0,24342.0,24342.0,33318.0,51241.0,78980.0,111834.0,146185.0,159780.0,174600.0,172421.0,190876.0,199128.0,206154.0,202666.0,208459.0,192205.0,178957.0,168741.0,146683.0,123307.0,96862.0,73058.0,50287.0,38671.0,29171.0,29171.0,35099.0,51851.0,78371.0,107825.0,140055.0,154627.0,162943.0,171771.0,188672.0,196934.0,208410.0,205650.0,206184.0,205621.0,200302.0,196540.0,177738.0,150099.0,134202.0,104292.0,78938.0,48443.0,34854.0,34854.0,30164.0,39056.0,56435.0,71112.0,93549.0,105322.0,131978.0,151747.0,170706.0,179865.0,192114.0,184232.0,187631.0,172277.0,165280.0,159624.0,142423.0,133874.0,108834.0,92950.0,69564.0,51525.0,37204.0,37204.0,29066.0,33900.0,45306.0,58994.0,77332.0,84051.0,106008.0,121239.0,143818.0,159552.0,164982.0,163575.0,159422.0,151580.0,139487.0,127375.0,118724.0,99468.0,83134.0,61788.0,49640.0,1.2246467991473532e-16,-1.0,-0.3546048870425356,-0.9350162426854148,-0.5,8720869.0,10219641.5,425544.8090918269,0.04333457606173141,0.8566912160860896,10584202.0
2025-07-28,36221.0,28010.0,28010.0,34259.0,49105.0,81895.0,109147.0,142223.0,155100.0,159496.0,164667.0,174062.0,198366.0,203588.0,197988.0,197102.0,176309.0,164498.0,151953.0,131956.0,108584.0,93246.0,68297.0,43898.0,31140.0,25111.0,25111.0,32997.0,48930.0,81872.0,110007.0,146958.0,162364.0,175724.0,167589.0,178266.0,187573.0,192721.0,194283.0,191353.0,193003.0,176360.0,150841.0,129626.0,102565.0,90722.0,64152.0,47483.0,31342.0,24950.0,24950.0,33139.0,50424.0,85881.0,114590.0,151046.0,160728.0,171952.0,178075.0,188577.0,196249.0,206605.0,203425.0,213737.0,189834.0,177783.0,144742.0,124711.0,97461.0,81149.0,60683.0,41845.0,31527.0,23490.0,23490.0,33808.0,52176.0,81130.0,113020.0,144997.0,160564.0,171618.0,165991.0,179526.0,190528.0,193759.0,194911.0,199710.0,184667.0,166737.0,151229.0,128829.0,107058.0,85677.0,65154.0,45134.0,38773.0,28031.0,28031.0,34768.0,51674.0,77042.0,107595.0,141075.0,158878.0,163555.0,172778.0,187978.0,198119.0,207275.0,200703.0,203398.0,194006.0,183242.0,161340.0,142273.0,119783.0,107752.0,88274.0,66767.0,47683.0,33183.0,33183.0,29828.0,38117.0,55239.0,71046.0,97460.0,105367.0,131751.0,142668.0,160732.0,166204.0,174073.0,171605.0,172172.0,160623.0,156682.0,148249.0,131260.0,120125.0,100101.0,86329.0,61813.0,51288.0,35469.0,35469.0,28682.0,34563.0,45374.0,60121.0,78303.0,84614.0,101510.0,115757.0,133108.0,148191.0,151228.0,152753.0,150383.0,144991.0,137021.0,127246.0,118674.0,99464.0,84039.0,62289.0,50290.0,1.2246467991473532e-16,-1.0,-0.46472317204376806,-0.8854560256532101,-0.5,8631788.0,10431007.25,200889.59533596903,-0.008142218493887299,0.33533717805213903,10498373.0
2025-08-04,35468.0,25999.0,25999.0,33541.0,47193.0,79444.0,104675.0,136271.0,150919.0,153468.0,160805.0,169211.0,187295.0,193619.0,192088.0,190048.0,171249.0,155576.0,142515.0,116740.0,100257.0,83470.0,59409.0,42827.0,31067.0,25725.0,25725.0,33363.0,47836.0,83380.0,110210.0,148570.0,164068.0,175835.0,172858.0,176387.0,183581.0,191833.0,193677.0,193646.0,197500.0,179072.0,157696.0,131109.0,104871.0,94113.0,65206.0,46837.0,31353.0,23533.0,23533.0,32613.0,47577.0,83570.0,110327.0,143403.0,156363.0,167486.0,174489.0,188295.0,201421.0,209966.0,204665.0,216920.0,194088.0,178533.0,144667.0,126827.0,99966.0,81318.0,61319.0,41215.0,29891.0,23384.0,23384.0,33503.0,50800.0,82151.0,109393.0,145544.0,165189.0,174995.0,171005.0,187724.0,201386.0,207483.0,203806.0,207583.0,195030.0,176975.0,160975.0,139601.0,117811.0,95295.0,68782.0,49239.0,40825.0,29331.0,29331.0,35661.0,51803.0,81535.0,107517.0,141550.0,162941.0,169062.0,178459.0,193124.0,208170.0,217421.0,207715.0,224333.0,216699.0,216403.0,202462.0,185964.0,158917.0,136460.0,112745.0,79878.0,51364.0,36993.0,36993.0,31142.0,39635.0,58763.0,76299.0,102917.0,113368.0,137808.0,157486.0,178803.0,191219.0,203953.0,198213.0,197035.0,187002.0,176612.0,168654.0,149298.0,136657.0,111014.0,90593.0,68047.0,49675.0,35647.0,35647.0,29255.0,33693.0,45835.0,60982.0,79455.0,87931.0,104713.0,121004.0,143854.0,162716.0,167731.0,164907.0,158961.0,149635.0,140390.0,127245.0,122600.0,99007.0,85062.0,61566.0,48576.0,-0.4999999999999997,-0.8660254037844388,-0.5680647467311556,-0.8229838658936566,-0.5,8904598.0,10502519.0,274109.14043497224,0.02760011252241057,1.0566812895782058,10792165.0
2025-08-11,34101.0,26329.0,26329.0,33596.0,45622.0,74882.0,100161.0,128076.0,142280.0,146715.0,148704.0,157185.0,175753.0,178900.0,181373.0,180046.0,164829.0,145859.0,126782.0,107147.0,91482.0,75550.0,56881.0,40925.0,29728.0,24759.0,24759.0,31762.0,46905.0,81405.0,106871.0,150159.0,157919.0,168176.0,162968.0,174561.0,178281.0,186423.0,190592.0,186933.0,180299.0,162966.0,133883.0,112318.0,90821.0,82585.0,59626.0,44714.0,31642.0,24037.0,24037.0,32826.0,48573.0,81258.0,109049.0,141018.0,154136.0,161227.0,163521.0,173405.0,185210.0,193116.0,188668.0,197704.0,178248.0,164249.0,130739.0,115105.0,92748.0,73194.0,57337.0,39307.0,29922.0,23753.0,23753.0,33196.0,51642.0,79773.0,108864.0,144721.0,161642.0,173342.0,169374.0,182696.0,192912.0,201131.0,197994.0,201024.0,193906.0,174067.0,159828.0,139555.0,117297.0,94127.0,72503.0,52786.0,38414.0,26750.0,26750.0,33848.0,51461.0,76729.0,105707.0,135482.0,153681.0,162639.0,169092.0,184973.0,190809.0,203465.0,196205.0,202371.0,190708.0,186914.0,168147.0,151785.0,132322.0,113885.0,99555.0,73430.0,56320.0,38356.0,38356.0,32508.0,40505.0,60154.0,75699.0,103298.0,115476.0,139377.0,163409.0,184386.0,202679.0,212045.0,206616.0,203426.0,194169.0,178301.0,172844.0,159074.0,144773.0,121038.0,104808.0,76152.0,50841.0,35941.0,35941.0,28539.0,33652.0,43751.0,56789.0,75372.0,82390.0,101195.0,111942.0,130723.0,141965.0,148356.0,146505.0,145690.0,138365.0,132208.0,124047.0,118795.0,96544.0,77546.0,61888.0,47699.0,-0.4999999999999997,-0.8660254037844388,-0.663122658240795,-0.7485107481711013,-0.5,8501472.0,10554017.5,187934.0476807382,-0.04267191635103629,-1.131713506013093,10341330.0
2025-08-18,35212.0,26469.0,26469.0,33032.0,45076.0,74892.0,100234.0,126458.0,142634.0,148524.0,151398.0,162334.0,185220.0,189709.0,190689.0,192373.0,174155.0,157433.0,142680.0,123062.0,103938.0,86813.0,59914.0,43044.0,29358.0,23750.0,23750.0,32224.0,46527.0,78239.0,102892.0,137775.0,149539.0,158171.0,152856.0,164687.0,166975.0,179938.0,179066.0,183932.0,180347.0,170120.0,149575.0,122968.0,100808.0,87803.0,63965.0,43677.0,31790.0,24129.0,24129.0,32591.0,48162.0,81604.0,110762.0,146618.0,158430.0,167491.0,174456.0,188248.0,206197.0,215189.0,205210.0,215688.0,190420.0,176073.0,144760.0,122015.0,98788.0,77589.0,60475.0,42069.0,30995.0,23078.0,23078.0,32734.0,51712.0,79661.0,108707.0,146367.0,164517.0,171136.0,167109.0,182723.0,199942.0,204672.0,204707.0,201232.0,194191.0,177902.0,156431.0,133352.0,111041.0,89001.0,67874.0,48459.0,40851.0,29203.0,29203.0,36776.0,52031.0,78823.0,108913.0,143631.0,160527.0,170470.0,176232.0,196848.0,202112.0,216829.0,206324.0,217285.0,211893.0,205618.0,190362.0,181164.0,153185.0,132398.0,113252.0,80051.0,57744.0,40261.0,40261.0,33181.0,41864.0,61904.0,77978.0,109444.0,119769.0,148371.0,172324.0,197672.0,221193.0,233360.0,225576.0,224303.0,204181.0,186334.0,173784.0,157563.0,148499.0,118693.0,100587.0,73366.0,53788.0,40558.0,40558.0,30326.0,35162.0,45842.0,62268.0,80548.0,90008.0,105721.0,129755.0,147960.0,170703.0,176647.0,168869.0,168620.0,159317.0,141802.0,132242.0,125305.0,104946.0,81044.0,60823.0,46411.0,-0.4999999999999997,-0.8660254037844388,-0.7485107481711011,-0.6631226582407952,-0.5,8947338.0,10625658.75,248224.95559253503,0.04992876761078335,0.9874440279983325,10870767.0
2025-08-25,33274.0,26042.0,26042.0,33868.0,48163.0,80081.0,109366.0,138103.0,156923.0,159564.0,158418.0,172976.0,193234.0,197231.0,196902.0,197345.0,172657.0,154972.0,133509.0,114539.0,98408.0,81655.0,60605.0,43400.0,31315.0,26131.0,26131.0,32579.0,48058.0,82977.0,110258.0,151683.0,166406.0,173813.0,169821.0,178273.0,184759.0,197832.0,197949.0,196939.0,186296.0,170419.0,139966.0,115747.0,94653.0,83429.0,64539.0,47052.0,36562.0,27544.0,27544.0,36535.0,52414.0,89842.0,117315.0,155959.0,170779.0,179008.0,186168.0,196832.0,216966.0,219843.0,219157.0,224260.0,205128.0,191111.0,153320.0,137386.0,109238.0,87197.0,72441.0,50162.0,33186.0,24578.0,24578.0,34659.0,53708.0,82431.0,112499.0,152071.0,170778.0,175988.0,172462.0,186890.0,203968.0,207410.0,207718.0,200414.0,194882.0,179116.0,161323.0,143570.0,118422.0,97312.0,74561.0,54585.0,39564.0,28835.0,28835.0,37179.0,51183.0,78697.0,104902.0,141507.0,160728.0,174378.0,178863.0,196669.0,201421.0,214340.0,204823.0,215271.0,198694.0,191723.0,166907.0,147862.0,126414.0,108139.0,97665.0,71049.0,51307.0,36137.0,36137.0,30301.0,37887.0,54880.0,69340.0,100466.0,112685.0,132913.0,147505.0,166385.0,173706.0,188566.0,178911.0,179185.0,168570.0,155060.0,143945.0,131647.0,119402.0,102765.0,85763.0,62350.0,50669.0,38293.0,38293.0,30039.0,33194.0,42687.0,56015.0,74085.0,85115.0,96779.0,111592.0,129187.0,148317.0,148220.0,144649.0,146471.0,140748.0,134895.0,126291.0,118030.0,98659.0,80746.0,64725.0,48834.0,-0.4999999999999997,-0.8660254037844388,-0.8229838658936564,-0.5680647467311559,-0.5,8527251.0,10608693.5,261773.56550334234,-0.041341898964891044,-0.6806703329932868,10430512.0
2025-09-01,30765.0,23771.0,23771.0,30322.0,41498.0,68635.0,88218.0,114901.0,123686.0,132940.0,133208.0,142870.0,166759.0,171691.0,171839.0,172186.0,162707.0,146658.0,137290.0,115244.0,99271.0,81775.0,53594.0,39877.0,31718.0,26035.0,26035.0,32395.0,48593.0,81444.0,107543.0,148757.0,157509.0,168811.0,163623.0,175405.0,182917.0,192431.0,196114.0,190764.0,184434.0,171205.0,142577.0,120696.0,99965.0,87787.0,67139.0,47832.0,34415.0,27421.0,27421.0,34936.0,51289.0,86556.0,113081.0,150450.0,167682.0,170629.0,179045.0,194230.0,211599.0,217442.0,218409.0,223890.0,204407.0,186250.0,150834.0,129973.0,103075.0,78850.0,62035.0,44113.0,33310.0,25200.0,25200.0,32974.0,52225.0,81519.0,109347.0,148425.0,168951.0,171518.0,169896.0,186219.0,199647.0,205358.0,200494.0,201302.0,194217.0,174712.0,151721.0,134949.0,108756.0,90646.0,68055.0,48865.0,37374.0,28404.0,28404.0,34042.0,48855.0,75927.0,103514.0,135862.0,157363.0,165881.0,173647.0,187223.0,194082.0,207284.0,201687.0,210720.0,201776.0,196093.0,182970.0,173193.0,147484.0,123016.0,108197.0,73711.0,49363.0,35770.0,35770.0,29129.0,37686.0,55061.0,70221.0,99723.0,113120.0,133476.0,150596.0,167389.0,181118.0,189296.0,179981.0,180394.0,173571.0,160651.0,151097.0,139032.0,128035.0,103302.0,88065.0,61677.0,48977.0,39168.0,39168.0,29433.0,32773.0,42382.0,54654.0,72336.0,83855.0,99498.0,116160.0,135321.0,156930.0,160991.0,153910.0,157034.0,143474.0,136987.0,125053.0,119304.0,96942.0,80544.0,59658.0,45212.0,-0.8660254037844385,-0.5000000000000004,-0.8854560256532096,-0.4647231720437691,-0.5,8391157.0,10467180.0,281767.92699785065,-0.01979100377436893,-0.8555586953011827,10226111.0
2025-09-08,33361.0,25246.0,25246.0,32806.0,46907.0,76544.0,106649.0,136986.0,147852.0,154885.0,154896.0,167014.0,188157.0,190803.0,194871.0,194206.0,175945.0,153938.0,130827.0,109568.0,92919.0,82014.0,58099.0,42499.0,32731.0,27261.0,27261.0,34325.0,49912.0,83612.0,112903.0,156603.0,165601.0,175995.0,170948.0,180507.0,185999.0,197457.0,200443.0,194836.0,183918.0,167603.0,134001.0,112845.0,95676.0,83386.0,66342.0,45161.0,33150.0,26757.0,26757.0,33646.0,50416.0,83148.0,116153.0,150801.0,168503.0,169478.0,177351.0,188241.0,203870.0,211784.0,209494.0,213800.0,196352.0,181275.0,146209.0,121946.0,102578.0,79597.0,61386.0,43906.0,36270.0,25338.0,25338.0,34054.0,54942.0,84769.0,114721.0,157818.0,178401.0,178811.0,178366.0,196663.0,211948.0,215666.0,211584.0,210177.0,198522.0,181058.0,160108.0,137472.0,112190.0,93508.0,70345.0,51197.0,39048.0,30033.0,30033.0,36526.0,50147.0,81770.0,106176.0,140995.0,161912.0,171931.0,176980.0,191253.0,197455.0,214693.0,206777.0,214221.0,198929.0,194442.0,168804.0,149281.0,128575.0,106307.0,94003.0,71373.0,55245.0,38123.0,38123.0,31709.0,41064.0,59497.0,75541.0,108081.0,119327.0,144198.0,161420.0,183327.0,196811.0,208964.0,203612.0,199258.0,188650.0,174619.0,165431.0,150307.0,137564.0,111949.0,96866.0,69608.0,61184.0,46140.0,46140.0,35117.0,38778.0,49583.0,64050.0,84358.0,99182.0,123761.0,152736.0,180756.0,220754.0,215663.0,211721.0,204951.0,200207.0,159994.0,138733.0,132288.0,109798.0,91236.0,69015.0,52343.0,-0.8660254037844385,-0.5000000000000004,-0.9350162426854147,-0.3546048870425359,-0.5,8770842.0,10568487.5,294019.057051862,0.0496413473438615,0.6056495173664536,10746560.0
2025-09-15,36124.0,27430.0,27430.0,35132.0,48747.0,78386.0,106771.0,138869.0,153505.0,160605.0,159592.0,177324.0,191467.0,198609.0,195691.0,196071.0,181291.0,160981.0,136479.0,113303.0,98142.0,84127.0,62032.0,46075.0,34615.0,26314.0,26314.0,33935.0,49794.0,83136.0,111110.0,154487.0,163488.0,173643.0,169886.0,180878.0,185846.0,196436.0,203357.0,197587.0,194940.0,175817.0,150910.0,124023.0,105180.0,90890.0,71494.0,44021.0,35283.0,28538.0,28538.0,35982.0,53889.0,87390.0,115348.0,151108.0,174146.0,170712.0,181953.0,193323.0,211637.0,222286.0,221151.0,225389.0,205236.0,185471.0,151078.0,126093.0,104117.0,84339.0,65156.0,45594.0,35559.0,27073.0,27073.0,34387.0,55872.0,83338.0,114709.0,157853.0,179650.0,181610.0,184543.0,199241.0,217334.0,219376.0,211402.0,210156.0,203107.0,187196.0,168711.0,141110.0,116132.0,92487.0,72730.0,53986.0,37385.0,30044.0,30044.0,35223.0,51208.0,79339.0,106280.0,141304.0,158240.0,172413.0,176945.0,191493.0,195315.0,209170.0,204754.0,215820.0,203792.0,204951.0,184316.0,169563.0,145256.0,119331.0,104192.0,75148.0,53536.0,38778.0,38778.0,31797.0,39194.0,55437.0,70147.0,100596.0,115336.0,134182.0,153323.0,169969.0,184409.0,194899.0,192759.0,189243.0,185427.0,171595.0,161468.0,148830.0,135078.0,110200.0,91814.0,71458.0,52018.0,37988.0,37988.0,30399.0,32081.0,41921.0,53433.0,71460.0,82329.0,98128.0,117097.0,134832.0,154325.0,161976.0,155288.0,155044.0,149596.0,138756.0,125074.0,117102.0,95823.0,76986.0,58198.0,44143.0,-0.8660254037844385,-0.5000000000000004,-0.970941817426052,-0.23931566428755774,-0.5,8694883.0,10516317.5,235118.94323866387,-0.007891524438310427,0.6199819461251691,10662087.0
2025-09-22,34325.0,25620.0,25620.0,33877.0,45378.0,75242.0,99936.0,138681.0,148699.0,153803.0,152359.0,170622.0,185270.0,191860.0,186860.0,184216.0,168868.0,149243.0,127248.0,103059.0,89278.0,77718.0,54890.0,40667.0,33888.0,26276.0,26276.0,32598.0,48652.0,80446.0,108162.0,149646.0,163910.0,173259.0,168553.0,177096.0,188209.0,192258.0,195532.0,191361.0,185944.0,164284.0,138277.0,115065.0,100121.0,86696.0,66587.0,44839.0,32901.0,27193.0,27193.0,34882.0,50428.0,84076.0,109616.0,148758.0,170885.0,167630.0,171929.0,185551.0,198547.0,203772.0,203492.0,207909.0,190641.0,172677.0,139671.0,118971.0,97493.0,78312.0,61211.0,42812.0,33466.0,26255.0,26255.0,34606.0,53389.0,83435.0,112211.0,156366.0,176283.0,178242.0,180167.0,189585.0,203045.0,208018.0,209424.0,208169.0,201705.0,185311.0,164365.0,139773.0,115437.0,95584.0,74000.0,52337.0,38049.0,30408.0,30408.0,35864.0,52203.0,79804.0,106314.0,146168.0,165410.0,176234.0,180040.0,195279.0,196439.0,212028.0,207538.0,210764.0,202822.0,194733.0,176858.0,166778.0,141375.0,114307.0,105640.0,77621.0,50139.0,34631.0,34631.0,28701.0,34076.0,51447.0,66660.0,94650.0,110464.0,130191.0,142286.0,157539.0,164185.0,178635.0,170385.0,169159.0,162223.0,154668.0,143960.0,133201.0,122926.0,103039.0,87487.0,66960.0,58419.0,41959.0,41959.0,31879.0,32687.0,43558.0,56323.0,78667.0,94602.0,119300.0,151842.0,181638.0,217299.0,214994.0,208638.0,194882.0,198884.0,152745.0,132568.0,124715.0,102924.0,83641.0,65544.0,50936.0,-0.8660254037844385,-0.5000000000000004,-0.992708874098054,-0.12053668025532357,-0.5,8534963.0,10534386.0,229025.02578102544,-0.015053621462488564,-0.13797618793944935,10502786.0
2025-09-29,33851.0,26040.0,26040.0,34443.0,47116.0,76599.0,106415.0,142323.0,156852.0,166051.0,164419.0,184495.0,196542.0,203990.0,199965.0,194654.0,178375.0,160793.0,139008.0,116242.0,99272.0,84920.0,59110.0,44209.0,33138.0,26322.0,26322.0,33050.0,48709.0,78955.0,108334.0,149410.0,168621.0,171608.0,176328.0,180502.0,191357.0,198505.0,202924.0,198488.0,189505.0,169771.0,139514.0,112738.0,99355.0,82160.0,66622.0,43237.0,33824.0,28183.0,28183.0,34358.0,51566.0,85703.0,113242.0,155893.0,179542.0,176302.0,182048.0,197717.0,215258.0,223151.0,214064.0,220015.0,202663.0,177615.0,142429.0,121746.0,102995.0,82211.0,63487.0,46328.0,34060.0,26647.0,26647.0,34633.0,53838.0,85916.0,114590.0,157454.0,178581.0,178536.0,177298.0,191693.0,206208.0,208964.0,215088.0,211010.0,207882.0,189230.0,167746.0,139727.0,118689.0,95818.0,74795.0,53328.0,38415.0,29930.0,29930.0,37234.0,53138.0,83505.0,112072.0,151919.0,171460.0,182128.0,189727.0,202402.0,202088.0,220790.0,214097.0,222360.0,207428.0,202793.0,178227.0,159904.0,139217.0,108614.0,101180.0,73407.0,49773.0,35856.0,35856.0,29751.0,34746.0,52157.0,68197.0,100223.0,114222.0,133589.0,150014.0,159336.0,169812.0,180779.0,174163.0,182820.0,171794.0,160414.0,158123.0,147992.0,135654.0,114080.0,96434.0,70095.0,47305.0,37456.0,37456.0,30440.0,30674.0,41405.0,52271.0,72507.0,85365.0,97866.0,113616.0,128168.0,140981.0,142546.0,140085.0,140789.0,136407.0,133522.0,118709.0,109088.0,92675.0,72444.0,57279.0,45423.0,-0.8660254037844385,-0.5000000000000004,-1.0,-1.8369701987210297e-16,-0.5,8583136.0,10623689.25,104592.15661917155,0.007638998753730419,-0.3859299904004573,10583324.0
2025-10-06,33401.0,26507.0,26507.0,33330.0,45347.0,76009.0,102330.0,142377.0,152138.0,157385.0,158706.0,176185.0,188477.0,195317.0,192458.0,195691.0,175363.0,157857.0,131247.0,105784.0,88248.0,79261.0,53644.0,42802.0,33422.0,26610.0,26610.0,35401.0,48818.0,83365.0,109755.0,156288.0,173250.0,178399.0,180296.0,186031.0,198131.0,206366.0,214732.0,217046.0,211639.0,192774.0,169357.0,135972.0,116433.0,96654.0,72901.0,41961.0,35095.0,29196.0,29196.0,35999.0,53098.0,88998.0,115251.0,161128.0,187372.0,186531.0,194824.0,209123.0,234570.0,243602.0,239088.0,237404.0,213576.0,190779.0,157115.0,131227.0,105837.0,86090.0,65985.0,46288.0,34425.0,26853.0,26853.0,36432.0,55279.0,85202.0,114858.0,158900.0,177303.0,176875.0,176748.0,189014.0,207922.0,204840.0,213078.0,208512.0,206252.0,188526.0,169104.0,139640.0,117750.0,95657.0,71677.0,51860.0,35035.0,27757.0,27757.0,36934.0,50467.0,79674.0,107181.0,144266.0,162755.0,171327.0,179094.0,190742.0,194466.0,211605.0,202117.0,210349.0,195689.0,189557.0,168320.0,151552.0,125654.0,101342.0,90360.0,66929.0,51070.0,37316.0,37316.0,29256.0,35203.0,52148.0,69105.0,98366.0,112709.0,126026.0,140005.0,155938.0,162936.0,172067.0,165569.0,177084.0,167408.0,156733.0,151204.0,139546.0,128173.0,109904.0,92818.0,69431.0,47866.0,36171.0,36171.0,29780.0,30432.0,41190.0,51639.0,73813.0,84893.0,97821.0,111732.0,132165.0,142179.0,144042.0,139910.0,139335.0,138753.0,131819.0,117191.0,110210.0,90519.0,73936.0,56081.0,43696.0,-1.0,-1.8369701987210297e-16,-0.992708874098054,0.1205366802553232,-0.5,8575076.0,10579257.5,65405.97068820253,-0.0013701676757520431,-0.15938147374487782,10568833.0
2025-10-13,34908.0,27767.0,27767.0,34432.0,44508.0,74190.0,101475.0,138241.0,146895.0,159100.0,159989.0,174320.0,185852.0,194486.0,192658.0,194472.0,173649.0,158612.0,138614.0,113420.0,94147.0,80986.0,58039.0,42953.0,33294.0,25926.0,25926.0,34752.0,48923.0,82352.0,105975.0,148266.0,163057.0,167361.0,168948.0,175346.0,188720.0,195146.0,202381.0,195496.0,185012.0,165556.0,141694.0,115687.0,98099.0,83718.0,66846.0,42093.0,32059.0,28586.0,28586.0,33732.0,50613.0,84706.0,106712.0,156127.0,180429.0,176502.0,185288.0,195329.0,208514.0,219215.0,218563.0,216204.0,200600.0,181033.0,155255.0,133225.0,105328.0,87873.0,66340.0,44244.0,31116.0,24354.0,24354.0,33673.0,52223.0,82450.0,110280.0,153251.0,169380.0,172190.0,167423.0,184827.0,198681.0,203159.0,206037.0,199250.0,192168.0,179759.0,155453.0,127406.0,110453.0,86654.0,66931.0,47028.0,36560.0,27909.0,27909.0,37463.0,53221.0,83894.0,109302.0,147505.0,166817.0,176189.0,181901.0,193051.0,199426.0,213456.0,205680.0,219454.0,202923.0,200307.0,184047.0,171290.0,145264.0,116480.0,107551.0,72813.0,51123.0,36553.0,36553.0,29745.0,35240.0,51825.0,66646.0,97458.0,113111.0,131312.0,142423.0,157147.0,169491.0,176997.0,176508.0,181383.0,175208.0,163353.0,153600.0,136655.0,124961.0,106271.0,88349.0,70363.0,56334.0,42003.0,42003.0,33063.0,32925.0,45745.0,59360.0,82296.0,91308.0,108381.0,124421.0,141483.0,153447.0,156350.0,152374.0,154442.0,150901.0,143731.0,128627.0,117098.0,98413.0,82261.0,61033.0,48283.0,-1.0,-1.8369701987210297e-16,-0.9709418174260521,0.23931566428755738,-0.5,8633529.0,10573702.25,56341.35247680876,0.006698502242418414,1.1743372690109692,10639866.0
2025-10-20,39465.0,31079.0,31079.0,37321.0,49300.0,80890.0,112083.0,153405.0,165678.0,182277.0,183954.0,204621.0,214762.0,224203.0,230872.0,238864.0,229130.0,212359.0,200532.0,170693.0,151668.0,119146.0,101759.0,55222.0,34195.0,25917.0,25917.0,33662.0,48525.0,81685.0,106850.0,144927.0,164835.0,169265.0,171684.0,175562.0,184641.0,191947.0,200433.0,196618.0,183875.0,164484.0,136498.0,110550.0,91095.0,77691.0,64868.0,40663.0,31537.0,25357.0,25357.0,33342.0,47901.0,78678.0,104106.0,146302.0,166602.0,164824.0,170443.0,186038.0,198925.0,205000.0,206181.0,205228.0,185045.0,171732.0,136614.0,114146.0,93788.0,73549.0,60545.0,40302.0,30874.0,25518.0,25518.0,32543.0,50817.0,81069.0,106295.0,149856.0,166710.0,166191.0,164916.0,178100.0,195510.0,195594.0,200464.0,197220.0,186462.0,172899.0,145629.0,121286.0,104813.0,81938.0,62214.0,45136.0,35260.0,25458.0,25458.0,34688.0,49513.0,78231.0,102095.0,137430.0,154451.0,163324.0,170973.0,178123.0,188657.0,195358.0,192339.0,200510.0,185877.0,182069.0,162414.0,144234.0,120051.0,94201.0,87827.0,64265.0,47508.0,35374.0,35374.0,27891.0,32801.0,50294.0,65406.0,91761.0,107573.0,128234.0,138159.0,153136.0,163033.0,171320.0,172063.0,174515.0,168003.0,156753.0,151880.0,141345.0,125080.0,112583.0,86805.0,67322.0,47717.0,38393.0,38393.0,29697.0,30963.0,39869.0,52411.0,74412.0,83947.0,96993.0,113884.0,131038.0,141823.0,142547.0,139469.0,140392.0,136917.0,129782.0,117381.0,104408.0,86073.0,69368.0,53317.0,41950.0,-1.0,-1.8369701987210297e-16,-0.9350162426854148,0.35460488704253557,-0.5,8431100.0,10546163.5,106844.42904366144,-0.023510890303974463,-1.436972440905269,10392631.0
2025-10-27,32197.0,24885.0,24885.0,30923.0,42208.0,71596.0,95877.0,134713.0,139309.0,154027.0,151944.0,168755.0,179109.0,185895.0,182699.0,184227.0,170637.0,151925.0,131123.0,103023.0,89557.0,71403.0,57145.0,41009.0,32076.0,24753.0,24753.0,34208.0,46508.0,79679.0,103681.0,142548.0,159104.0,162350.0,165184.0,169339.0,181870.0,185587.0,194047.0,192741.0,176560.0,161824.0,137177.0,112435.0,92357.0,78587.0,66897.0,38391.0,31499.0,26091.0,26091.0,33286.0,49546.0,79461.0,101605.0,145172.0,168382.0,169058.0,173586.0,186314.0,200197.0,205270.0,212188.0,204255.0,188641.0,174284.0,143445.0,120735.0,100080.0,79493.0,60791.0,41970.0,31030.0,26212.0,26212.0,33643.0,51771.0,80861.0,107612.0,150562.0,167126.0,169283.0,171264.0,184088.0,201579.0,203332.0,212360.0,207956.0,191090.0,177338.0,146426.0,122629.0,101529.0,81247.0,61532.0,46916.0,35479.0,27108.0,27108.0,35328.0,51460.0,80529.0,105881.0,142718.0,161061.0,170420.0,175663.0,185383.0,196419.0,206863.0,205837.0,211647.0,192400.0,186591.0,173970.0,155668.0,130905.0,106139.0,99626.0,68146.0,50405.0,38089.0,38089.0,28000.0,33549.0,50783.0,66037.0,95973.0,113771.0,136931.0,150726.0,171848.0,181769.0,192761.0,189958.0,191516.0,186745.0,169056.0,155053.0,140070.0,126701.0,106580.0,85913.0,68320.0,56057.0,43257.0,43257.0,32217.0,33018.0,44292.0,59718.0,86123.0,101593.0,130362.0,168701.0,212459.0,242556.0,238147.0,229242.0,211017.0,210433.0,147466.0,125156.0,110143.0,90554.0,73125.0,57401.0,45294.0,-1.0,-1.8369701987210297e-16,-0.8854560256532101,0.464723172043768,-0.5,8464638.0,10504478.0,119313.22194682636,0.0023019619506463584,-0.7366828132356706,10416582.0
2025-11-03,33439.0,25851.0,25851.0,31011.0,42426.0,73311.0,100122.0,141899.0,150112.0,158583.0,158007.0,173923.0,184611.0,196074.0,192752.0,191556.0,174910.0,156756.0,131446.0,104147.0,83789.0,68623.0,54716.0,41324.0,35686.0,26764.0,26764.0,33970.0,46691.0,82121.0,108060.0,148803.0,167182.0,170614.0,179241.0,185413.0,196063.0,199232.0,210288.0,211440.0,190693.0,175538.0,141447.0,113516.0,93219.0,79310.0,68143.0,40509.0,31439.0,26309.0,26309.0,33192.0,46985.0,78599.0,101456.0,149279.0,169153.0,172241.0,174403.0,185176.0,201790.0,208905.0,210975.0,202594.0,189610.0,169881.0,144543.0,116213.0,96888.0,77656.0,58856.0,41298.0,29462.0,25254.0,25254.0,31395.0,48544.0,77134.0,106123.0,150410.0,164728.0,164667.0,163076.0,181650.0,197410.0,198248.0,203538.0,203498.0,186856.0,175136.0,144042.0,119675.0,98194.0,79724.0,60981.0,45906.0,33323.0,27202.0,27202.0,33952.0,49024.0,76999.0,101829.0,138592.0,156725.0,166995.0,173936.0,180366.0,186793.0,199101.0,197023.0,200112.0,185653.0,180493.0,172227.0,151951.0,127388.0,103418.0,94063.0,61973.0,45746.0,33748.0,33748.0,26519.0,31637.0,47813.0,64096.0,88623.0,102290.0,122212.0,128372.0,144766.0,154814.0,159152.0,159501.0,164206.0,159673.0,153259.0,148500.0,136193.0,118521.0,106313.0,84996.0,66898.0,45636.0,37271.0,37271.0,28036.0,29596.0,40361.0,51412.0,72590.0,84033.0,99169.0,113555.0,132555.0,141718.0,142764.0,142811.0,142934.0,141083.0,130131.0,113092.0,97946.0,82100.0,65884.0,50329.0,39288.0,-0.8660254037844386,0.5000000000000001,-0.822983865893657,0.5680647467311548,-0.5,8139812.0,10376931.25,239623.90479718294,-0.03496639289719994,-1.3282700249350992,10058646.0
2025-11-10,34117.0,27225.0,27225.0,30838.0,41978.0,74591.0,100170.0,142149.0,147842.0,157187.0,154347.0,174087.0,182389.0,191840.0,186998.0,188707.0,169838.0,157495.0,137219.0,109894.0,89633.0,74788.0,62378.0,40611.0,29004.0,22283.0,22283.0,27754.0,40232.0,72217.0,96336.0,134582.0,151754.0,153026.0,159092.0,167108.0,176081.0,182155.0,189375.0,190598.0,177205.0,164198.0,138163.0,113787.0,92528.0,79950.0,62447.0,35763.0,30462.0,25603.0,25603.0,31772.0,45161.0,75769.0,99040.0,147946.0,168030.0,168691.0,169235.0,185785.0,196752.0,200789.0,207616.0,202122.0,185955.0,172647.0,143166.0,116672.0,94379.0,78219.0,59470.0,41946.0,30382.0,26227.0,26227.0,32299.0,50366.0,80333.0,110237.0,152761.0,168257.0,168700.0,169090.0,185565.0,206283.0,200284.0,207027.0,210739.0,193599.0,183647.0,158049.0,133514.0,111896.0,93225.0,67349.0,48498.0,34853.0,28407.0,28407.0,35094.0,51257.0,79103.0,105756.0,147922.0,160318.0,171057.0,179484.0,187975.0,195976.0,205221.0,207264.0,208660.0,195688.0,186771.0,177744.0,154818.0,129668.0,108681.0,95298.0,66344.0,45976.0,34710.0,34710.0,27826.0,33929.0,50736.0,62579.0,88730.0,105465.0,123224.0,134324.0,149158.0,154156.0,160504.0,163585.0,167494.0,161907.0,153093.0,146373.0,135841.0,120085.0,105527.0,84482.0,64890.0,46060.0,38267.0,38267.0,28815.0,30589.0,41521.0,50700.0,71767.0,82440.0,100579.0,111661.0,124738.0,134121.0,138276.0,132363.0,128799.0,133677.0,124454.0,104407.0,96229.0,78601.0,64579.0,48335.0,38532.0,-0.8660254037844386,0.5000000000000001,-0.7485107481711011,0.6631226582407952,-0.5,8073396.0,10215452.0,220225.16930481137,-0.00645275267714851,-1.0058023826214886,9993949.0
2025-11-17,33185.0,26273.0,26273.0,30267.0,42341.0,75904.0,99355.0,139821.0,145601.0,153092.0,153360.0,172472.0,177905.0,186697.0,182909.0,183530.0,167268.0,153668.0,128704.0,104811.0,87471.0,72123.0,58319.0,40232.0,30842.0,23505.0,23505.0,30077.0,42385.0,74477.0,100453.0,142312.0,158003.0,155540.0,160771.0,170051.0,176413.0,184713.0,191444.0,190413.0,179047.0,163432.0,140459.0,114930.0,90722.0,82093.0,63168.0,37963.0,30277.0,25751.0,25751.0,30822.0,43693.0,78242.0,100427.0,151046.0,166601.0,164307.0,167028.0,181213.0,191051.0,196124.0,204557.0,200997.0,182760.0,171642.0,139828.0,112140.0,90248.0,74506.0,58315.0,40094.0,27438.0,24462.0,24462.0,29973.0,45607.0,74462.0,100288.0,138795.0,152286.0,153321.0,149476.0,167257.0,183377.0,179498.0,187764.0,188799.0,173554.0,162360.0,144064.0,125409.0,101551.0,82572.0,60344.0,42756.0,32102.0,26657.0,26657.0,33104.0,47624.0,76286.0,101206.0,139619.0,151688.0,162297.0,166114.0,171847.0,179495.0,193010.0,197871.0,199080.0,185340.0,180788.0,169827.0,149444.0,121672.0,100419.0,85289.0,61844.0,43469.0,33801.0,33801.0,27299.0,32707.0,47653.0,62182.0,85239.0,102418.0,120139.0,131415.0,146359.0,150561.0,156135.0,161143.0,164256.0,162499.0,152225.0,146504.0,134458.0,118303.0,103510.0,85447.0,62071.0,49860.0,41230.0,41230.0,29763.0,31512.0,42942.0,54440.0,75424.0,91654.0,118139.0,154605.0,190350.0,213977.0,209158.0,204542.0,190305.0,194221.0,145072.0,114798.0,99715.0,81493.0,68698.0,53201.0,40996.0,-0.8660254037844386,0.5000000000000001,-0.6631226582407955,0.7485107481711007,-0.5,8064303.0,10103042.75,214316.72929471207,-0.005111626776223233,-0.7467860793074773,9942994.0
2025-11-24,33640.0,25934.0,25934.0,30483.0,42599.0,72438.0,96681.0,139879.0,143585.0,151063.0,155086.0,170215.0,180780.0,182734.0,184474.0,185297.0,171457.0,157949.0,135581.0,108551.0,87663.0,73909.0,58943.0,41621.0,30710.0,23207.0,23207.0,29594.0,42661.0,74440.0,99877.0,143684.0,157819.0,157724.0,165034.0,174660.0,183154.0,188213.0,193950.0,193277.0,180419.0,163642.0,143696.0,117991.0,95951.0,81978.0,65104.0,38862.0,31093.0,26782.0,26782.0,31136.0,44129.0,74793.0,97510.0,141422.0,160184.0,161345.0,160846.0,172148.0,180330.0,189608.0,198105.0,196806.0,181022.0,171225.0,148455.0,120756.0,98741.0,84528.0,62210.0,39107.0,26825.0,24158.0,24158.0,26232.0,39454.0,62586.0,90622.0,128517.0,150058.0,154291.0,164568.0,198955.0,222451.0,212016.0,221537.0,223165.0,190798.0,147656.0,124977.0,105920.0,83895.0,71683.0,56229.0,38826.0,30881.0,24626.0,24626.0,27535.0,39390.0,62550.0,85464.0,118467.0,135731.0,142707.0,153088.0,161758.0,170496.0,182298.0,192489.0,194886.0,179758.0,179056.0,178484.0,153154.0,127448.0,109419.0,88040.0,60761.0,41964.0,31837.0,31837.0,26390.0,29462.0,45590.0,59337.0,84962.0,100353.0,119134.0,127629.0,143173.0,153601.0,156080.0,162897.0,166964.0,164614.0,158976.0,154940.0,138847.0,122584.0,106062.0,86089.0,62793.0,46262.0,36196.0,36196.0,28093.0,29964.0,42408.0,52291.0,76154.0,85493.0,106432.0,129483.0,156380.0,174033.0,172343.0,167708.0,157211.0,160272.0,124080.0,102579.0,93700.0,78045.0,67293.0,49611.0,37097.0,-0.8660254037844386,0.5000000000000001,-0.5680647467311559,0.8229838658936564,-0.5,7865049.0,9911384.25,180601.81806462925,-0.02991565276863639,-1.4475837109593424,9649948.0
2025-12-01,32669.0,24309.0,24309.0,27608.0,40581.0,70944.0,96981.0,140027.0,146480.0,152665.0,155373.0,170700.0,175760.0,180750.0,179603.0,182222.0,165235.0,152642.0,135023.0,107379.0,86890.0,72936.0,58052.0,39274.0,30698.0,21809.0,21809.0,27824.0,40971.0,69555.0,93295.0,133293.0,149752.0,149064.0,158672.0,167422.0,172152.0,174800.0,185793.0,184146.0,170705.0,153246.0,139321.0,112257.0,92416.0,79988.0,62986.0,36392.0,29803.0,25202.0,25202.0,31022.0,43537.0,74455.0,98678.0,142055.0,164954.0,167787.0,168333.0,176662.0,185878.0,192824.0,203126.0,198742.0,184388.0,170333.0,145466.0,120363.0,98633.0,84129.0,64496.0,41025.0,31671.0,26916.0,26916.0,30660.0,47740.0,74507.0,103293.0,150330.0,168508.0,171976.0,182871.0,213250.0,231415.0,226106.0,236271.0,241561.0,216634.0,188099.0,173042.0,150134.0,124174.0,109381.0,92470.0,71520.0,36910.0,26526.0,26526.0,30709.0,45389.0,73395.0,96632.0,133384.0,149532.0,156960.0,163636.0,172508.0,178678.0,188483.0,200794.0,202825.0,184519.0,180841.0,173490.0,151734.0,127702.0,108893.0,90694.0,63758.0,49480.0,35880.0,35880.0,28144.0,32826.0,48889.0,62877.0,89038.0,109157.0,128420.0,141966.0,159879.0,168034.0,176006.0,179145.0,178683.0,173170.0,167297.0,163602.0,150756.0,127590.0,115323.0,93572.0,71482.0,46695.0,39700.0,39700.0,28213.0,29188.0,42124.0,50333.0,72043.0,79315.0,97587.0,111343.0,127386.0,137825.0,139122.0,139241.0,138412.0,139422.0,126205.0,105888.0,95158.0,78668.0,67736.0,52725.0,38852.0,-0.5000000000000004,0.8660254037844384,-0.4647231720437684,0.88545602565321,-0.5,8019217.0,9864650.75,151660.62374344055,0.022720764254415826,0.04655954740068386,9871712.0
2025-12-08,32331.0,25033.0,25033.0,27483.0,37839.0,68336.0,93939.0,139447.0,144949.0,147862.0,152399.0,167333.0,172401.0,180485.0,178642.0,182445.0,163249.0,145545.0,127867.0,98888.0,81019.0,67038.0,54572.0,38414.0,30113.0,23415.0,23415.0,28007.0,40431.0,70026.0,91488.0,130903.0,153230.0,148308.0,153209.0,166939.0,171081.0,176283.0,186352.0,188054.0,169586.0,156908.0,136641.0,108870.0,88008.0,78610.0,60247.0,39299.0,28985.0,23510.0,23510.0,28618.0,40574.0,72347.0,91195.0,128749.0,151136.0,150490.0,148830.0,161062.0,167531.0,171955.0,180524.0,178553.0,162583.0,147380.0,124263.0,102818.0,81522.0,70576.0,60082.0,37377.0,27811.0,23797.0,23797.0,28711.0,42923.0,73082.0,101939.0,143436.0,157372.0,156989.0,156974.0,173266.0,182372.0,180754.0,189832.0,196986.0,179948.0,164690.0,136866.0,110626.0,88104.0,74497.0,59783.0,44812.0,36391.0,26278.0,26278.0,30046.0,45911.0,74446.0,99443.0,138381.0,150300.0,160178.0,172915.0,176877.0,185943.0,195417.0,206030.0,214442.0,188135.0,183696.0,172938.0,152515.0,124596.0,109296.0,93447.0,64192.0,45234.0,34031.0,34031.0,27225.0,33065.0,48701.0,64369.0,83383.0,101542.0,123136.0,133250.0,149330.0,158999.0,163465.0,166188.0,166764.0,162885.0,155202.0,141123.0,127776.0,105604.0,96183.0,81855.0,60517.0,43769.0,34585.0,34585.0,25020.0,28724.0,38444.0,47838.0,65258.0,75931.0,90038.0,103989.0,115321.0,129341.0,132236.0,125382.0,122612.0,127598.0,116232.0,98662.0,87650.0,72780.0,61727.0,45781.0,36961.0,-0.5000000000000004,0.8660254037844384,-0.35460488704253595,0.9350162426854147,-0.5,7809053.0,9773113.5,157973.41775859898,-0.02501854379245927,-0.9198604553967127,9627800.0
2025-12-15,32064.0,23934.0,23934.0,26587.0,36897.0,66888.0,92867.0,134401.0,143806.0,144283.0,144074.0,162474.0,168977.0,175440.0,177326.0,181455.0,163556.0,141634.0,120554.0,95711.0,74725.0,61782.0,51753.0,36693.0,30006.0,23015.0,23015.0,28099.0,41057.0,73651.0,97227.0,142443.0,161830.0,156643.0,163306.0,174598.0,178010.0,183255.0,193796.0,196352.0,177823.0,165575.0,149274.0,121454.0,96153.0,87286.0,62477.0,39187.0,29697.0,24937.0,24937.0,28431.0,42357.0,74605.0,97826.0,144976.0,164632.0,169618.0,165248.0,184034.0,189186.0,194926.0,205319.0,203829.0,188949.0,177348.0,157827.0,126480.0,101598.0,91408.0,67710.0,41876.0,27663.0,23937.0,23937.0,27689.0,40746.0,69768.0,98457.0,139622.0,152040.0,151944.0,153099.0,166969.0,176342.0,179878.0,189781.0,195188.0,176097.0,164995.0,133960.0,112044.0,85318.0,71082.0,60424.0,44472.0,29605.0,20761.0,20761.0,24507.0,39586.0,62527.0,83127.0,110724.0,123945.0,133282.0,142000.0,144749.0,151742.0,158993.0,167221.0,167666.0,154651.0,146845.0,135169.0,115445.0,96614.0,81278.0,71692.0,51335.0,43007.0,33064.0,33064.0,25444.0,31097.0,47104.0,59222.0,79179.0,98210.0,116305.0,125590.0,143301.0,147913.0,157153.0,156934.0,159052.0,154519.0,155060.0,147964.0,136794.0,114075.0,103182.0,84700.0,57842.0,51706.0,43740.0,43740.0,27871.0,30595.0,41118.0,52389.0,72259.0,87233.0,110172.0,148582.0,188363.0,217040.0,213333.0,221480.0,215999.0,218707.0,155465.0,133526.0,122519.0,97569.0,76861.0,58262.0,41682.0,-0.5000000000000004,0.8660254037844384,-0.2393156642875578,0.970941817426052,-0.5,7838834.0,9694415.75,118649.52235435303,4.1857072645257176e-05,-0.558053236845338,9628203.0
2025-12-22,32104.0,23861.0,23861.0,26004.0,35712.0,61307.0,86978.0,124790.0,130915.0,134112.0,138835.0,150015.0,156713.0,167055.0,168407.0,175319.0,161943.0,139242.0,118983.0,94746.0,76191.0,62103.0,52480.0,36581.0,27713.0,21546.0,21546.0,24429.0,35879.0,63578.0,83277.0,117422.0,132690.0,131023.0,137035.0,148847.0,152678.0,157314.0,168611.0,176296.0,164640.0,148664.0,137856.0,112914.0,88868.0,78854.0,58267.0,34978.0,24224.0,20569.0,20569.0,21604.0,30210.0,54396.0,72616.0,108235.0,120109.0,123560.0,127620.0,135137.0,143066.0,151417.0,156831.0,160781.0,145781.0,132504.0,114325.0,91778.0,73547.0,61220.0,50824.0,34376.0,21309.0,18539.0,18539.0,18833.0,28329.0,46573.0,63761.0,87636.0,91781.0,91431.0,92630.0,99727.0,107134.0,109602.0,118911.0,117739.0,109529.0,102098.0,87299.0,77043.0,59190.0,50218.0,41463.0,32181.0,30744.0,21585.0,21585.0,22647.0,34728.0,53026.0,71605.0,99123.0,113358.0,121577.0,130205.0,144472.0,151591.0,158310.0,172418.0,172296.0,152404.0,150884.0,137709.0,116101.0,97363.0,84785.0,71438.0,48539.0,39462.0,29240.0,29240.0,24903.0,28448.0,43694.0,55079.0,73475.0,87988.0,105314.0,115299.0,131384.0,138955.0,149741.0,154014.0,154436.0,152108.0,151534.0,147195.0,133641.0,110722.0,103000.0,83008.0,53943.0,36656.0,32557.0,32557.0,24133.0,24815.0,35192.0,44123.0,60739.0,69998.0,81561.0,94576.0,109355.0,123414.0,125640.0,125633.0,125907.0,120236.0,107797.0,93787.0,87415.0,76045.0,62585.0,46030.0,31141.0,-0.5000000000000004,0.8660254037844384,-0.12053668025532363,0.992708874098054,-0.5,6873545.0,9380425.0,667586.4782628038,-0.13718121084542467,-1.477621300190079,8393985.0
2025-12-29,27795.0,20104.0,20104.0,22054.0,31054.0,54056.0,75709.0,112216.0,116075.0,122641.0,127142.0,136635.0,144852.0,153448.0,153576.0,161606.0,146445.0,126142.0,112869.0,88934.0,69302.0,56779.0,47588.0,33240.0,28477.0,21732.0,21732.0,23861.0,33867.0,60643.0,79950.0,114598.0,130373.0,129598.0,136662.0,149368.0,152841.0,159448.0,169265.0,177011.0,160383.0,148569.0,132789.0,108613.0,87581.0,75291.0,55674.0,35598.0,25883.0,22646.0,22646.0,22965.0,33351.0,57090.0,76806.0,110464.0,128643.0,132895.0,133852.0,152283.0,156621.0,164408.0,171608.0,173521.0,161269.0,152537.0,138393.0,110873.0,91577.0,82256.0,61497.0,39848.0,25500.0,22697.0,22697.0,20281.0,29407.0,46339.0,65534.0,92990.0,99328.0,102282.0,105657.0,112722.0,120513.0,123187.0,133341.0,140421.0,129966.0,124018.0,109908.0,95772.0,76438.0,64718.0,48766.0,36138.0,30414.0,21883.0,21883.0,22832.0,34172.0,55064.0,73556.0,100955.0,114728.0,125288.0,129403.0,135703.0,146995.0,154972.0,165378.0,172095.0,157409.0,151474.0,134593.0,115557.0,93784.0,83431.0,65799.0,49401.0,36424.0,27260.0,27260.0,22809.0,27294.0,42543.0,52978.0,71459.0,86531.0,105160.0,115499.0,130494.0,138748.0,147094.0,155424.0,146815.0,146712.0,144100.0,138881.0,124850.0,101832.0,95018.0,75250.0,52032.0,37096.0,30885.0,30885.0,22558.0,25985.0,35124.0,45205.0,61244.0,71968.0,80966.0,94668.0,104668.0,114848.0,121555.0,120273.0,117622.0,117268.0,103655.0,91117.0,82727.0,71916.0,59830.0,44949.0,33192.0,-0.5000000000000004,0.8660254037844384,0.0,1.0,-0.5,7151028.0,9083374.5,639892.3660879744,0.03391044292252765,-0.6248933745601606,8683510.0
